Godot Engine v4.7.2.stable.official.ed1daf0bf - https://godotengine.org

[godot_ai game_helper] registered mcp capture (debugger active=false, logger=true)
---  GUT  ---
[1m[INFO]:  [0musing [C:/Users/pinto/AppData/Roaming/Godot/app_userdata/Test Game] for temporary output.
Godot version:  4.7.2
GUT version:  9.7.1
[33m[GUT WARNING]:  [0mIgnoring script res://tests/test_grapple_boundary_mcp.gd because it does not extend GutTest
[33m[GUT WARNING]:  [0mIgnoring script res://tests/test_grapple_moving_target_mcp.gd because it does not extend GutTest
[33m[GUT WARNING]:  [0mIgnoring script res://tests/test_grapple_targeting_mcp.gd because it does not extend GutTest
[33m[GUT WARNING]:  [0mIgnoring script res://tests/test_wall_stick_mcp.gd because it does not extend GutTest
[4m

res://tests/levels/test_traversal_validation_route.gd
[0m* test_route_loads_with_the_production_player_and_independent_main_scene
* test_route_has_real_challenges_and_recovery_under_each_risky_stage
* test_jump_and_air_steering_reach_the_second_deck_at_both_physics_rates
[1-10-jump] 60 Hz: { "elapsed_seconds": 2.23333333333333, "x": -10.9627780914307, "landed": true }
[1-10-jump] 120 Hz: { "elapsed_seconds": 2.20833333333333, "x": -10.9686651229858, "landed": true }
* test_missed_jump_lands_on_the_lower_route_without_reloading
* test_authored_near_boundary_and_beyond_targets_use_the_real_query_origin
[1-10-targeting] 60 Hz NearAnchor: { "accepted": true, "distance_m": 26.711254119873, "origin": (-9.795168, 3.186516, 0.312669) }
[1-10-targeting] 60 Hz BoundaryAnchor: { "accepted": true, "distance_m": 34.704029083252, "origin": (-9.762107, 3.163337, -0.538593) }
[1-10-targeting] 60 Hz BeyondAnchor: { "accepted": false, "distance_m": 0.0, "origin": (-9.684435, 3.139845, -0.849899) }
[1-10-targeting] 120 Hz NearAnchor: { "accepted": true, "distance_m": 26.7100391387939, "origin": (-9.7937, 3.228598, 0.312505) }
[1-10-targeting] 120 Hz BoundaryAnchor: { "accepted": true, "distance_m": 34.7027473449707, "origin": (-9.760469, 3.219544, -0.53831) }
[1-10-targeting] 120 Hz BeyondAnchor: { "accepted": false, "distance_m": 0.0, "origin": (-9.682905, 3.208837, -0.849429) }
* test_moving_route_anchor_follows_local_hit_and_invalidation_ends_once
[1-10-moving] 60 Hz: { "local_hit": (-0.31987, 0.876515, -0.345142), "terminal": 2, "ended_events": 1 }
[1-10-moving] 120 Hz: { "local_hit": (-0.309975, 0.902666, -0.347209), "terminal": 2, "ended_events": 1 }
* test_jump_into_real_zip_pull_reaches_the_next_upper_deck
[31m    [Failed]:  [0mzip + release must land on upper deck @ 60 Hz; x=38.064037322998 y=-2.99910402297974 max_x=38.064037322998 min_y=-2.99910402297974
      at line 221
[1-10-zip] 60 Hz: { "attached": true, "released": true, "landed": false, "x": 38.064037322998, "min_y": -2.99910402297974 }
[31m    [Failed]:  [0mzip + release must land on upper deck @ 120 Hz; x=40.4305038452148 y=-2.99911737442017 max_x=40.4305038452148 min_y=-2.99911737442017
      at line 221
[1-10-zip] 120 Hz: { "attached": true, "released": true, "landed": false, "x": 40.4305038452148, "min_y": -2.99911737442017 }
* test_moving_anchor_zip_and_release_reach_the_wall_approach_deck
* test_real_oblique_wall_run_stick_and_jump_reach_the_physical_finish
[31m    [Failed]:  [0mwall challenge @ 60 Hz: ran=true stuck=true jump=true finish=false position=(64.65971, -2.99907, 9.070261) jump_at=(55.18281, 0.032202, 0.127835) jump_v=(-1.389186, 5.5, 7.878462) landing_cross=(56.04286, -2.99907, 10.29956) max_z=10.3740711212158 trace=[&"player.locomotion.airborne", &"player.locomotion.grounded", &"player.locomotion.airborne", &"player.locomotion.grounded", &"player.locomotion.airborne", &"player.locomotion.wall_run", &"player.locomotion.grappling", &"player.locomotion.wall_stick", &"player.locomotion.airborne", &"player.locomotion.grounded"]
      at line 337
[31m    [Failed]:  [0mwall challenge @ 120 Hz: ran=true stuck=true jump=true finish=false position=(64.36763, -2.999063, 8.971435) jump_at=(54.68268, -0.037434, -0.028433) jump_v=(-1.389185, 5.5, 7.878463) landing_cross=(56.03122, -2.999063, 10.24961) max_z=10.2502584457397 trace=[&"player.locomotion.airborne", &"player.locomotion.grounded", &"player.locomotion.airborne", &"player.locomotion.grounded", &"player.locomotion.airborne", &"player.locomotion.wall_run", &"player.locomotion.grappling", &"player.locomotion.wall_stick", &"player.locomotion.airborne", &"player.locomotion.grounded"]
      at line 337
* test_one_unbroken_command_route_completes_every_traversal_stage_at_both_rates
[31m    [Failed]:  [0mthe same player must finish without a reload @ 60 Hz: { "finished": false, "stage": "near_land", "trace": [&"player.locomotion.airborne", &"player.locomotion.grounded", &"player.locomotion.airborne", &"player.locomotion.grounded", &"player.locomotion.airborne", &"player.locomotion.grappling", &"player.locomotion.airborne", &"player.locomotion.wall_run", &"player.locomotion.airborne", &"player.locomotion.grounded"], "elapsed_seconds": 12.0000000000002, "maximum_commits": 1, "jump_impulses": 2, "wall_jump_impulses": 0, "grapple_release_speed_mps": 22.0, "maximum_attachment_distance_m": 21.3705978393555, "near_release": (12.24472, 3.272829, -1.211236), "near_ground": (34.70706, -2.925191, 6.949136), "moving_release": (0.0, 0.0, 0.0), "moving_ground": (0.0, 0.0, 0.0), "wall_aim": (0.0, 0.0, 0.0), "wall_target": false, "moving_samples": [], "stick_at": (0.0, 0.0, 0.0), "stick_contact": false, "jump_step": {  }, "wall_terminal": -1, "position": (69.34814, -2.999109, 7.80335) }
      at line 346
[31m    [Failed]:  [0mmissing player.locomotion.wall_stick @ 60 Hz: { "finished": false, "stage": "near_land", "trace": [&"player.locomotion.airborne", &"player.locomotion.grounded", &"player.locomotion.airborne", &"player.locomotion.grounded", &"player.locomotion.airborne", &"player.locomotion.grappling", &"player.locomotion.airborne", &"player.locomotion.wall_run", &"player.locomotion.airborne", &"player.locomotion.grounded"], "elapsed_seconds": 12.0000000000002, "maximum_commits": 1, "jump_impulses": 2, "wall_jump_impulses": 0, "grapple_release_speed_mps": 22.0, "maximum_attachment_distance_m": 21.3705978393555, "near_release": (12.24472, 3.272829, -1.211236), "near_ground": (34.70706, -2.925191, 6.949136), "moving_release": (0.0, 0.0, 0.0), "moving_ground": (0.0, 0.0, 0.0), "wall_aim": (0.0, 0.0, 0.0), "wall_target": false, "moving_samples": [], "stick_at": (0.0, 0.0, 0.0), "stick_contact": false, "jump_step": {  }, "wall_terminal": -1, "position": (69.34814, -2.999109, 7.80335) }
      at line 348
[31m    [Failed]:  [0m[2] expected to equal [4]:  
      at line 350
[31m    [Failed]:  [0m[0] expected to equal [1]:  
      at line 351
[1-10-full-route] 60 Hz: { "finished": false, "stage": "near_land", "trace": [&"player.locomotion.airborne", &"player.locomotion.grounded", &"player.locomotion.airborne", &"player.locomotion.grounded", &"player.locomotion.airborne", &"player.locomotion.grappling", &"player.locomotion.airborne", &"player.locomotion.wall_run", &"player.locomotion.airborne", &"player.locomotion.grounded"], "elapsed_seconds": 12.0000000000002, "maximum_commits": 1, "jump_impulses": 2, "wall_jump_impulses": 0, "grapple_release_speed_mps": 22.0, "maximum_attachment_distance_m": 21.3705978393555, "near_release": (12.24472, 3.272829, -1.211236), "near_ground": (34.70706, -2.925191, 6.949136), "moving_release": (0.0, 0.0, 0.0), "moving_ground": (0.0, 0.0, 0.0), "wall_aim": (0.0, 0.0, 0.0), "wall_target": false, "moving_samples": [], "stick_at": (0.0, 0.0, 0.0), "stick_contact": false, "jump_step": {  }, "wall_terminal": -1, "position": (69.34814, -2.999109, 7.80335) }
[1m7/10 passed.
[0m[4m

res://tests/player/contact/test_player_contact_contract.gd
[0m* test_contact_frame_is_value_only_and_copies_bounded_records
* test_profiles_validate_named_matrix_and_lock_authored_values
* test_normal_classification_rejects_floor_and_ceiling_consistently
* test_wall_selection_is_deterministic_for_permuted_candidates_and_exact_ties
* test_ground_selection_is_deterministic_for_permuted_equal_distance_candidates
* test_retagged_continuity_candidate_uses_current_physics_step
* test_query_profiles_reject_hard_contact_budget_limits
* test_ground_normal_classification_is_applied_to_authoritative_candidates
* test_provider_bootstrap_publishes_frame_zero_and_rejects_bad_step_handoffs
* test_required_ground_configuration_fails_closed_and_invalid_wall_is_unavailable
* test_player_surface_reads_only_the_shared_contact_frame
[1m11/11 passed.
[0m[4m

res://tests/player/contact/test_wall_stick_support.gd
[0m* test_wall_point_velocity_and_controller_relative_entry_use_owner_and_native_motion
[wall-stick-support-velocity] { "scenario": "owner_local", "rate": 60, "wall_point_velocity": (12.0, 0.0, 0.0), "expected": (12.0, 0.0, 0.0), "native_velocity": (0.0, 0.0, 0.0), "body_position": (0.0, 4.0, -0.65), "entry_positive": true, "entry_over_relative_maximum": false, "support": &"fixture.wall.stick", "query_count": 12, "value_only": true, "passed": true }
[wall-stick-support-velocity] { "scenario": "rigid_first", "rate": 60, "wall_point_velocity": (12.0, 0.0, 0.0), "expected": (12.0, 0.0, 0.0), "native_velocity": (12.0, 0.0, 0.0), "body_position": (0.2, 4.0, -0.65), "entry_positive": true, "entry_over_relative_maximum": false, "support": &"fixture.wall.rigid", "query_count": 12, "value_only": true, "passed": true, "adjacent_velocity": (12.0, 0.0, 0.0), "adjacent_not_double_counted": true }
[wall-stick-support-velocity] { "scenario": "static_surface", "rate": 60, "wall_point_velocity": (12.4, 0.0, 0.0), "expected": (12.4, 0.0, 0.0), "native_velocity": (12.4, 0.0, 0.0), "body_position": (0.0, 4.0, -0.65), "entry_positive": true, "entry_over_relative_maximum": false, "support": &"fixture.wall.stick", "query_count": 12, "value_only": true, "passed": true }
[wall-stick-support-velocity] { "scenario": "animatable_first", "rate": 60, "wall_point_velocity": (12.0, 0.0, 0.0), "expected": (12.0, 0.0, 0.0), "native_velocity": (12.0, 0.0, 0.0), "body_position": (0.2, 4.0, -0.65), "entry_positive": true, "entry_over_relative_maximum": false, "support": &"fixture.wall.native", "query_count": 12, "value_only": true, "passed": true, "adjacent_velocity": (12.0, 0.0, 0.0), "adjacent_not_double_counted": true }
[wall-stick-support-velocity] { "scenario": "character_first", "rate": 60, "wall_point_velocity": (12.0, 0.0, 0.0), "expected": (12.0, 0.0, 0.0), "native_velocity": (12.0, 0.0, 0.0), "body_position": (0.2, 4.0, -0.65), "entry_positive": true, "entry_over_relative_maximum": false, "support": &"fixture.wall.native", "query_count": 12, "value_only": true, "passed": true, "adjacent_velocity": (12.0, 0.0, 0.0), "adjacent_not_double_counted": true }
[wall-stick-support-velocity] { "scenario": "owner_local", "rate": 120, "wall_point_velocity": (12.0, 0.0, 0.0), "expected": (12.0, 0.0, 0.0), "native_velocity": (0.0, 0.0, 0.0), "body_position": (0.0, 4.0, -0.65), "entry_positive": true, "entry_over_relative_maximum": false, "support": &"fixture.wall.stick", "query_count": 12, "value_only": true, "passed": true }
[wall-stick-support-velocity] { "scenario": "rigid_first", "rate": 120, "wall_point_velocity": (12.0, 0.0, 0.0), "expected": (12.0, 0.0, 0.0), "native_velocity": (12.0, 0.0, 0.0), "body_position": (0.1, 4.0, -0.65), "entry_positive": true, "entry_over_relative_maximum": false, "support": &"fixture.wall.rigid", "query_count": 12, "value_only": true, "passed": true, "adjacent_velocity": (12.0, 0.0, 0.0), "adjacent_not_double_counted": true }
[wall-stick-support-velocity] { "scenario": "static_surface", "rate": 120, "wall_point_velocity": (12.4, 0.0, 0.0), "expected": (12.4, 0.0, 0.0), "native_velocity": (12.4, 0.0, 0.0), "body_position": (0.0, 4.0, -0.65), "entry_positive": true, "entry_over_relative_maximum": false, "support": &"fixture.wall.stick", "query_count": 12, "value_only": true, "passed": true }
[wall-stick-support-velocity] { "scenario": "animatable_first", "rate": 120, "wall_point_velocity": (12.0, 0.0, 0.0), "expected": (12.0, 0.0, 0.0), "native_velocity": (12.0, 0.0, 0.0), "body_position": (0.1, 4.0, -0.65), "entry_positive": true, "entry_over_relative_maximum": false, "support": &"fixture.wall.native", "query_count": 12, "value_only": true, "passed": true, "adjacent_velocity": (12.0, 0.0, 0.0), "adjacent_not_double_counted": true }
[wall-stick-support-velocity] { "scenario": "character_first", "rate": 120, "wall_point_velocity": (12.0, 0.0, 0.0), "expected": (12.0, 0.0, 0.0), "native_velocity": (12.0, 0.0, 0.0), "body_position": (0.1, 4.0, -0.65), "entry_positive": true, "entry_over_relative_maximum": false, "support": &"fixture.wall.native", "query_count": 12, "value_only": true, "passed": true, "adjacent_velocity": (12.0, 0.0, 0.0), "adjacent_not_double_counted": true }
* test_multiple_bindings_have_independent_weak_shape_listeners
* test_binding_requires_the_selected_physical_publication_not_a_candidate_guess
[1m3/3 passed.
[0m[4m

res://tests/player/grapple/test_grapple_boundary_contract.gd
[0m* test_attachment_commits_once_with_stable_identity_and_seed_facts
* test_occurrence_local_resolution_scales_pull_only_and_never_mutates_definition
* test_end_reason_set_is_closed_with_stable_ids
* test_duplicate_termination_commits_one_terminal_and_repeats_nothing
* test_attachment_snapshot_is_value_only_and_reports_documented_fields
* test_presentation_surfaces_are_consumption_only
* test_maximum_boundary_is_inactive_inside_the_range
* test_maximum_boundary_clips_only_the_outward_radial_component
* test_maximum_boundary_prevents_high_speed_overshoot_without_snapping
* test_unassigned_pull_origin_falls_back_to_body_root
* test_moving_pull_origin_changes_next_submission_without_moving_boundary_origin
[1m11/11 passed.
[0m[4m

res://tests/player/grapple/test_grapple_boundary_integration.gd
[0m* test_well_inside_attachment_pulls_without_boundary_corrections
* test_grapple_air_deceleration_is_independent_of_airborne_deceleration
* test_stationary_zero_gravity_angled_wall_pull_stays_on_aim_line_before_contact
* test_near_boundary_attachment_stays_inside_without_corrections
* test_outward_travel_from_a_short_attachment_reaches_only_the_maximum_boundary
* test_inward_travel_at_the_boundary_is_unrestricted
* test_tangential_travel_at_the_boundary_is_unrestricted
* test_high_speed_overshoot_is_prevented_without_snapping_or_zeroing
* test_release_preserves_the_resolved_velocity_and_commits_release
* test_death_cancels_the_attachment_once_and_stops_submissions
* test_duplicate_termination_requests_repeat_no_cleanup
* test_boundary_scenario_matches_between_sixty_and_one_twenty_hz
[1-7-60-120] 60Hz: { "tick_rate": 60, "attachment_distance_m": 10.257363319397, "max_distance_m": 35.0000343322754, "correction_steps": 2, "boundary_hit_seconds": 1.35, "elapsed_seconds": 1.35, "final_radial_mps": 0.00000035762787, "final_tangential_mps": 2.91415452957153, "final_acceleration_mps2": 0.8, "min_angular_momentum": 101.995429992676, "max_angular_momentum": 101.99552154541, "momentum_samples": 80, "still_active": true, "definition_unmodified": true, "attachment_duration_seconds": 1.36666666666667, "release_speed_mps": 2.91415452957153 }
[1-7-60-120] 120Hz: { "tick_rate": 120, "attachment_distance_m": 10.2567615509033, "max_distance_m": 35.0000076293945, "correction_steps": 2, "boundary_hit_seconds": 1.34166666666666, "elapsed_seconds": 1.34166666666666, "final_radial_mps": 0.00000047683716, "final_tangential_mps": 2.9133505821228, "final_acceleration_mps2": 0.8, "min_angular_momentum": 101.967292785645, "max_angular_momentum": 101.967384338379, "momentum_samples": 160, "still_active": true, "definition_unmodified": true, "attachment_duration_seconds": 1.35, "release_speed_mps": 2.91335034370422 }
[1m12/12 passed.
[0m[4m

res://tests/player/grapple/test_grapple_moving_target_contract.gd
[0m* test_anchor_state_is_a_value_only_record_with_typed_fields
* test_anchor_state_invalidation_reason_is_a_closed_typed_set
* test_ordinary_geometry_sampling_keeps_the_static_default_response
* test_static_component_sampling_returns_a_frozen_anchor_and_zero_velocity
* test_moving_component_sampling_follows_translation_and_rotation
* test_sampling_reports_explicit_invalidation_and_eligibility_changes
* test_sampling_reports_the_target_scope_identity
* test_sampling_api_is_query_only_and_cannot_touch_player_state
* test_supplied_anchor_velocity_is_reported_when_the_target_authors_one
* test_anchor_velocity_finite_difference_is_rate_equivalent
* test_attachment_stores_target_relative_state_and_initial_sample_only
* test_attachment_stores_full_response_values_and_optional_scope_identity
* test_attachment_resolution_stays_occurrence_local_and_never_mutates_definitions
* test_sampling_phase_runs_once_per_step_and_submissions_consume_the_sample
* test_end_reason_schema_extends_the_locked_prefix_append_only
* test_freed_target_terminates_exactly_once_with_target_destroyed
* test_explicit_invalidation_terminates_with_target_invalidated
* test_scope_mismatch_terminates_with_scope_mismatch
* test_overlapping_same_step_termination_requests_commit_once
* test_definition_gains_immutable_anchor_motion_tolerances
* test_severe_anchor_discontinuity_terminates_before_any_submission
* test_continuous_anchor_motion_follows_normally
* test_static_anchor_boundary_reduces_to_story_1_7_math
* test_separating_anchor_carry_matches_the_anchor_radial_speed
* test_inward_motion_is_never_clipped_or_carried_past_the_anchor_speed
* test_tangential_motion_is_untouched_at_the_boundary
* test_approaching_anchor_never_pushes_the_player
* test_required_carry_above_the_discontinuity_tolerance_is_refused
* test_snapshot_exposes_sampled_anchor_facts_without_mutation_paths
* test_moving_anchor_follow_repeats_no_target_selection_raycast
* test_sampling_is_idempotent_within_one_step_and_never_re_samples
* test_submissions_refuse_a_sample_from_another_step
* test_the_commit_step_is_genuinely_sampled
* test_re_attachment_starts_a_fresh_sampling_baseline
* test_a_gap_between_samples_never_inflates_the_implied_speed
* test_a_non_finite_sampled_anchor_fails_closed_with_a_typed_reason
* test_supplied_anchor_velocity_expires_with_invalidation
* test_a_malformed_scope_provider_fails_closed_to_unscoped
* test_terminal_record_stays_value_only
* test_refused_boundary_carry_terminates_the_attachment_end_to_end
* test_a_refused_carry_in_any_boundary_record_terminates_the_attachment
* test_negative_carry_tolerance_is_rejected_like_any_out_of_bound_value
rtk : ERROR: GameLog player.motor.invalid_carry_tolerance (step=1 locomotion=player.grapple.maximum_distance 
source=player.grapple.maximum_distance reason=invalid_request kind=9)
At line:1 char:1
+ rtk proxy "C:\Users\pinto\Documents\Godot Projects\Godot 4.7.2\Godot_ ...
+ ~~~~~~~~~~~~~~~~~~~~~~~~~~~~~~~~~~~~~~~~~~~~~~~~~~~~~~~~~~~~~~~~~~~~~
    + CategoryInfo          : NotSpecified: (ERROR: GameLog ...request kind=9):String) [], RemoteException
    + FullyQualifiedErrorId : NativeCommandError
 
   at: push_error (core/variant/variant_utility.cpp:1023)
   GDScript backtrace (most recent call first):
       [0] record_invariant (res://game/app/logging/game_log.gd:28)
       [1] _record_rejection (res://game/player/motor/player_motor.gd:1549)
       [2] _reject_submission (res://game/player/motor/player_motor.gd:1483)
       [3] _submit_submission (res://game/player/motor/player_motor.gd:631)
       [4] submit_maximum_anchor_distance (res://game/player/motor/player_motor.gd:482)
       [5] test_negative_carry_tolerance_is_rejected_like_any_out_of_bound_value 
(res://tests/player/grapple/test_grapple_moving_target_contract.gd:1158)
       [6] _run_test (res://addons/gut/gut.gd:622)
       [7] _test_the_scripts (res://addons/gut/gut.gd:835)
       [8] _run_test (res://addons/gut/gut.gd:650)
       [9] test_freed_target_terminates_exactly_once_with_target_destroyed 
(res://tests/player/grapple/test_grapple_moving_target_contract.gd:490)
[34m[ExpectedError][0mExpected push_error error containing 'player.motor.invalid_carry_tolerance'.  
* test_presentation_and_state_consumers_read_snapshots_only
[1m43/43 passed.
[0m[4m

res://tests/player/grapple/test_grapple_moving_target_integration.gd
[0m* test_translation_follow_tracks_the_target_local_hit_point
* test_rotation_follow_tracks_the_target_local_hit_point
* test_rotation_about_the_local_hit_point_leaves_the_anchor_stationary
* test_sampled_target_velocity_reflects_target_motion_at_both_rates
* test_separating_target_carries_the_player_only_at_the_maximum
[1-8-60-120-separation] 60Hz: { "tick_rate": 60, "max_pre_boundary_drift_m": 0.06195052713156, "boundary_hit_seconds": 1.13333333333333, "boundary_carry_mps": 4.9832239151001, "max_distance_m": 35.0000190734863, "still_active": true }
[1-8-60-120-separation] 120Hz: { "tick_rate": 120, "max_pre_boundary_drift_m": 0.02034769020975, "boundary_hit_seconds": 1.125, "boundary_carry_mps": 4.98339080810547, "max_distance_m": 35.0000076293945, "still_active": true }
* test_inward_and_tangential_motion_stay_free_at_a_moving_boundary
* test_approaching_target_never_pushes_the_player
* test_freed_target_terminates_once_without_a_velocity_spike
* test_explicit_invalidation_terminates_once_with_target_invalidated
* test_scope_mismatch_terminates_once_with_scope_mismatch
* test_severe_anchor_discontinuity_terminates_instead_of_snapping
* test_overlapping_termination_paths_commit_exactly_once
* test_static_target_regression_keeps_the_story_1_7_response
* test_anchor_follow_repeats_no_target_selection_raycast_while_attached
* test_rope_endpoint_follows_the_sampled_anchor_without_new_resets
[1m15/15 passed.
[0m[4m

res://tests/player/grapple/test_grapple_targeting_contract.gd
[0m* test_targeting_result_is_value_only_bounded_and_sanitizes_malformed_payloads
* test_value_only_introspection_detects_dirty_records
* test_grapple_rejection_value_set_is_closed_and_expected_rejections_are_not_errors
* test_definition_validation_locks_authored_values_and_bounds_acquisition_tolerance
[31m    [Failed]:  [0m[60.00000000000000000000] expected to equal [48.0] +/- [0.000001]:  
      at line 331
* test_ray_profiles_are_shape_exempt_while_contact_probe_bounds_stay_intact
* test_duplicate_grappleable_records_normalize_and_select_deterministically
* test_locked_predicate_maps_every_ac6_condition_to_stable_typed_rejections
* test_boundary_predicate_is_inclusive_quantized_and_never_flips
* test_accepted_seed_carries_attachment_payload_with_documented_weak_reference
* test_missing_and_stale_activation_inputs_reject_without_accepted_seeds
* test_uninitialized_resolver_reports_missing_results_without_queries
* test_resolver_initialization_is_typed_and_fails_closed
* test_diagnostic_snapshot_is_derived_from_the_authoritative_result_only
[1m12/13 passed.
[0m[4m

res://tests/player/grapple/test_grapple_targeting_integration.gd
[0m* test_default_world_geometry_is_grappleable_without_authored_components
* test_exceptional_grappleable_target_returns_bounded_typed_response
* test_rejected_first_hit_is_never_pierced_to_a_valid_target_behind_it
* test_empty_aim_and_occlusion_only_blocker_report_stable_rejections
* test_maximum_range_boundary_cases_use_one_authoritative_range
* test_duplicate_candidate_shapes_on_one_collider_resolve_to_one_stable_target
* test_same_step_activation_seeds_state_and_keeps_pull_playable
[31m    [Failed]:  [0m[60.00000000000000000000] expected to equal [48.0] +/- [0.0001]:  
      at line 227
* test_moving_scene_origin_does_not_change_camera_target_or_acquisition_range
[31m    [Failed]:  [0m[VECTOR3(0.0, 0.9, 0.0)] expected to equal [VECTOR3(0.48, 1.2, -0.32)]:  
      at line 250
* test_rope_uses_the_live_pull_origin_and_sampled_anchor_with_root_fallback
* test_stale_or_missing_results_reject_activation_without_partial_state
ERROR: GameLog player.grapple.activation_stale_result (step=1 locomotion= source= reason=stale_result kind=-1)
   at: push_error (core/variant/variant_utility.cpp:1023)
   GDScript backtrace (most recent call first):
       [0] record_invariant (res://game/app/logging/game_log.gd:28)
       [1] _reject_grapple_activation (res://scripts/player_controller.gd:1289)
       [2] try_start_grapple (res://scripts/player_controller.gd:1245)
       [3] test_stale_or_missing_results_reject_activation_without_partial_state 
(res://tests/player/grapple/test_grapple_targeting_integration.gd:359)
[34m[ExpectedError][0mExpected push_error error containing 'player.grapple.activation_stale_result'.  
ERROR: GameLog player.grapple.activation_missing_result (step=1 locomotion= source= reason=missing_result kind=-1)
   at: push_error (core/variant/variant_utility.cpp:1023)
   GDScript backtrace (most recent call first):
       [0] record_invariant (res://game/app/logging/game_log.gd:28)
       [1] _reject_grapple_activation (res://scripts/player_controller.gd:1289)
       [2] try_start_grapple (res://scripts/player_controller.gd:1236)
       [3] test_stale_or_missing_results_reject_activation_without_partial_state 
(res://tests/player/grapple/test_grapple_targeting_integration.gd:371)
[34m[ExpectedError][0mExpected push_error error containing 'player.grapple.activation_missing_result'.  
* test_presentation_consumes_authoritative_result_without_changing_validity
* test_diagnostics_agree_with_the_authoritative_result
* test_exactly_one_query_is_counted_for_each_evaluated_step_in_full_flows
* test_targeting_acceptance_matches_between_sixty_and_one_twenty_hz
* test_grapple_pull_decay_reaches_the_floor_and_commits_the_speed_cap
[31m    [Failed]:  [0mdecay floor reached inside the sampled window
      at line 591
[31m    [Failed]:  [0m[11.11111141666660300000] expected to equal [8.0] +/- [0.0001]:  
      at line 592
* test_rope_physics_interpolation_resets_once_per_hidden_to_visible
* test_definition_is_the_sole_pull_cap_and_range_source
* test_unavailable_feature_rejects_activation_quietly_without_per_press_invariants
[34m[ExpectedError][0minit-failure activation must stay quiet per press
[1m15/18 passed.
[0m[4m

res://tests/player/input/test_player_command_frame.gd
[0m* test_frame_exposes_immutable_step_movement_view_aim_and_action_facts
* test_neutral_frame_has_zero_axis_and_no_action_edges
* test_source_returns_one_cached_instance_per_step_and_distinct_instances_between_steps
[1m3/3 passed.
[0m[4m

res://tests/player/input/test_player_controller_command_sequence.gd
[0m* test_movement_and_attack_update_once_in_stable_order_with_same_frame
* test_gameplay_surface_has_no_direct_hardware_polling_outside_input_source
[1m2/2 passed.
[0m[4m

res://tests/player/input/test_player_input_source.gd
[0m* test_movement_preserves_cardinal_opposite_and_circular_diagonal_semantics
* test_action_progression_is_press_then_held_then_release_then_neutral
* test_literal_forward_survives_opposing_movement_and_clears_on_focus_loss
* test_hardware_forward_fact_does_not_depend_on_net_axis_and_rearms_all_keys
* test_short_tap_keeps_both_edges_in_one_frame
* test_multiple_bindings_do_not_release_attack_until_all_bindings_are_up
* test_focus_loss_clears_edges_motion_and_requires_neutral_rearm
* test_movement_and_each_action_stay_neutral_until_focus_rearm_is_complete
* test_mouse_motion_is_applied_once_with_sensitivity_and_pitch_clamp
* test_pan_motion_uses_trackpad_sensitivity_once_without_mouse_scaling
* test_numbered_sequences_have_exactly_one_distinct_frame_at_60_and_120_steps
* test_disabled_source_clears_future_input_without_mutating_committed_frame
* test_non_monotonic_step_is_rejected_without_replacing_cached_frame
ERROR: PlayerInputSource rejected non-monotonic physics step 1 after 2.
   at: push_error (core/variant/variant_utility.cpp:1023)
   GDScript backtrace (most recent call first):
       [0] capture_command_frame (res://game/player/input/player_input_source.gd:143)
       [1] test_non_monotonic_step_is_rejected_without_replacing_cached_frame 
(res://tests/player/input/test_player_input_source.gd:245)
       [2] _run_test (res://addons/gut/gut.gd:622)
       [3] _test_the_scripts (res://addons/gut/gut.gd:835)
       [4] _run_test (res://addons/gut/gut.gd:650)
       [5] test_definition_is_the_sole_pull_cap_and_range_source 
(res://tests/player/grapple/test_grapple_targeting_integration.gd:763)
[34m[ExpectedError][0mExpected push_error error containing 'non-monotonic'.  
* test_visible_recapture_click_is_consumed_before_gameplay_action
* test_key_echo_does_not_create_a_press_edge
* test_vertical_inversion_is_applied_once_at_the_input_boundary
* test_invalid_required_action_initialization_is_explicit_and_inactive
ERROR: PlayerInputSource requires InputMap action 'missing_story_1_2_action'.
   at: push_error (core/variant/variant_utility.cpp:1023)
   GDScript backtrace (most recent call first):
       [0] _fail_initialization (res://game/player/input/player_input_source.gd:434)
       [1] initialize (res://game/player/input/player_input_source.gd:93)
       [2] test_invalid_required_action_initialization_is_explicit_and_inactive 
(res://tests/player/input/test_player_input_source.gd:295)
       [3] _run_test (res://addons/gut/gut.gd:622)
       [4] _test_the_scripts (res://addons/gut/gut.gd:835)
       [5] _run_test (res://addons/gut/gut.gd:650)
       [6] test_definition_is_the_sole_pull_cap_and_range_source 
(res://tests/player/grapple/test_grapple_targeting_integration.gd:763)
[34m[ExpectedError][0mExpected push_error error containing 'missing_story_1_2_action'.  
* test_missing_node_dependency_is_explicit_and_inactive
ERROR: PlayerInputSource requires a valid player body and camera pivot.
   at: push_error (core/variant/variant_utility.cpp:1023)
   GDScript backtrace (most recent call first):
       [0] _fail_initialization (res://game/player/input/player_input_source.gd:434)
       [1] initialize (res://game/player/input/player_input_source.gd:77)
       [2] test_missing_node_dependency_is_explicit_and_inactive 
(res://tests/player/input/test_player_input_source.gd:306)
       [3] _run_test (res://addons/gut/gut.gd:622)
       [4] _test_the_scripts (res://addons/gut/gut.gd:835)
       [5] _run_test (res://addons/gut/gut.gd:650)
       [6] test_definition_is_the_sole_pull_cap_and_range_source 
(res://tests/player/grapple/test_grapple_targeting_integration.gd:763)
[34m[ExpectedError][0mExpected push_error error containing 'valid player body and camera pivot'.  
[1m18/18 passed.
[0m[4m

res://tests/player/locomotion/test_wall_stick_attachment.gd
[0m* test_definition_is_validated_locked_and_independent_of_run_tuning
* test_real_continuous_transform_walls_carry_on_the_same_side_at_60_and_120
[wall-stick-engine-motion] 60 Hz { "held_frames": 96, "entry_count": 1, "terminal_count": 0, "blocked_count": 0, "maximum_error_m": 0.00000002462184, "minimum_side_distance_m": 0.45093338489532, "overlap_count": 0, "maximum_commits": 1, "maximum_recovery_m": 0.0, "legacy_switch_count": 1, "jump_velocity": (0.0, 0.0, 0.0), "sticking": true, "grappling": true, "terminal_wall_clear": true, "position": (0.339033, 3.99316, -0.300238), "physics_wall_position": (0.3, 4.0, -0.95), "obsolete_pose_overlap_count": 36, "overlap_facts": [], "hold_step_ids": [2, 3, 4, 5, 6, 7, 8, 9, 10, 11, 12, 13, 14, 15, 16, 17, 18, 19, 20, 21, 22, 23, 24, 25, 26, 27, 28, 29, 30, 31, 32, 33, 34, 35, 36, 37, 38, 39, 40, 41, 42, 43, 44, 45, 46, 47, 48, 49, 50, 51, 52, 53, 54, 55, 56, 57, 58, 59, 60, 61, 62, 63, 64, 65, 66, 67, 68, 69, 70, 71, 72, 73, 74, 75, 76, 77, 78, 79, 80, 81, 82, 83, 84, 85, 86, 87, 88, 89, 90, 91, 92, 93, 94, 95, 96, 97], "settled_overlap_step_ids": [2, 3, 4, 5, 6, 7, 8, 9, 10, 11, 12, 13, 14, 15, 16, 17, 18, 19, 20, 21, 22, 23, 24, 25, 26, 27, 28, 29, 30, 31, 32, 33, 34, 35, 36, 37, 38, 39, 40, 41, 42, 43, 44, 45, 46, 47, 48, 49, 50, 51, 52, 53, 54, 55, 56, 57, 58, 59, 60, 61, 62, 63, 64, 65, 66, 67, 68, 69, 70, 71, 72, 73, 74, 75, 76, 77, 78, 79, 80, 81, 82, 83, 84, 85, 86, 87, 88, 89, 90, 91, 92, 93, 94, 95, 96], "missed_overlap_step_count": 1, "overlap_step_id_overflow": 0, "blocked_overlap_step_ids": [], "wall_position": (0.3, 4.0, -0.95) }
[wall-stick-engine-motion] 120 Hz { "held_frames": 185, "entry_count": 1, "terminal_count": 0, "blocked_count": 0, "maximum_error_m": 0.00000001298031, "minimum_side_distance_m": 0.45088713169098, "overlap_count": 0, "maximum_commits": 1, "maximum_recovery_m": 0.0, "legacy_switch_count": 1, "jump_velocity": (0.0, 0.0, 0.0), "sticking": true, "grappling": true, "terminal_wall_clear": true, "position": (0.33903, 3.99829, -0.300284), "physics_wall_position": (0.3, 4.0, -0.95), "obsolete_pose_overlap_count": 72, "overlap_facts": [], "hold_step_ids": [2, 3, 4, 5, 6, 7, 8, 9, 10, 11, 12, 13, 14, 15, 16, 17, 18, 19, 20, 21, 22, 23, 24, 25, 26, 27, 28, 29, 30, 31, 32, 33, 34, 35, 36, 37, 38, 39, 40, 41, 42, 43, 44, 45, 46, 47, 48, 49, 50, 51, 52, 53, 54, 55, 56, 57, 58, 59, 60, 61, 62, 63, 64, 65, 66, 67, 68, 69, 70, 71, 72, 73, 74, 75, 76, 77, 78, 79, 80, 81, 82, 83, 84, 85, 86, 87, 88, 89, 90, 91, 92, 93, 94, 95, 96, 97, 98, 99, 100, 101, 102, 103, 104, 105, 106, 107, 108, 109, 110, 111, 112, 113, 114, 115, 116, 117, 118, 119, 120, 121, 122, 123, 124, 125, 126, 127, 128, 129, 130, 131, 132, 133, 134, 135, 136, 137, 138, 139, 140, 141, 142, 143, 144, 145, 146, 147, 148, 149, 150, 151, 152, 153, 154, 155, 156, 157, 158, 159, 160, 161, 162, 163, 164, 165, 166, 167, 168, 169, 170, 171, 172, 173, 174, 175, 176, 177, 178, 179, 180, 181, 182, 183, 184, 185, 186], "settled_overlap_step_ids": [2, 3, 4, 5, 6, 7, 8, 9, 10, 11, 12, 13, 14, 15, 16, 17, 18, 19, 20, 21, 22, 23, 24, 25, 26, 27, 28, 29, 30, 31, 32, 33, 34, 35, 36, 37, 38, 39, 40, 41, 42, 43, 44, 45, 46, 47, 48, 49, 50, 51, 52, 53, 54, 55, 56, 57, 58, 59, 60, 61, 62, 63, 64, 65, 66, 67, 68, 69, 70, 71, 72, 73, 74, 75, 76, 77, 78, 79, 80, 81, 82, 83, 84, 85, 86, 87, 88, 89, 90, 91, 92, 93, 94, 95, 96, 97, 98, 99, 100, 101, 102, 103, 104, 105, 106, 107, 108, 109, 110, 111, 112, 113, 114, 115, 116, 117, 118, 119, 120, 121, 122, 123, 124, 125, 126, 127, 128, 129, 130, 131, 132, 133, 134, 135, 136, 137, 138, 139, 140, 141, 142, 143, 144, 145, 146, 147, 148, 149, 150, 151, 152, 153, 154, 155, 156, 157, 158, 159, 160, 161, 162, 163, 164, 165, 166, 167, 168, 169, 170, 171, 172, 173, 174, 175, 176, 177, 178, 179, 180, 181, 182, 183, 184, 185], "missed_overlap_step_count": 1, "overlap_step_id_overflow": 0, "blocked_overlap_step_ids": [], "wall_position": (0.3, 4.0, -0.95) }
* test_forward_release_preserves_live_grapple_and_does_not_relatch
* test_jump_removes_player_and_wall_tangent_and_wins_both_releases
* test_distinct_grapple_anchor_motion_never_carries_the_wall_attachment
* test_live_moving_grapple_target_samples_without_becoming_wall_support
* test_forward_only_entry_needs_no_along_wall_alignment_and_missing_forward_cannot_enter
* test_empty_command_frame_cannot_bypass_forward_hold_policy
ERROR: PlayerController command frame requested before a valid physics-step commit.
   at: push_error (core/variant/variant_utility.cpp:1023)
   GDScript backtrace (most recent call first):
       [0] get_player_command_frame (res://scripts/player_controller.gd:484)
       [1] _update (res://scripts/player_wall_stick_state.gd:11)
       [2] test_empty_command_frame_cannot_bypass_forward_hold_policy 
(res://tests/player/locomotion/test_wall_stick_attachment.gd:164)
       [3] _spawn (res://tests/player/locomotion/test_wall_stick_attachment.gd:246)
       [4] _ticks (res://tests/player/locomotion/test_wall_stick_attachment.gd:251)
[34m[ExpectedError][0mExpected push_error error containing 'command frame requested before'.  
* test_support_exception_and_platform_configuration_are_transaction_local
* test_blocked_carry_detaches_without_snapping_through_an_obstacle
* test_support_destruction_disabled_shape_and_teleports_fail_closed
* test_same_shape_motion_may_switch_legacy_world_point_but_not_stick_support
[1m12/12 passed.
[0m[4m

res://tests/player/locomotion/test_wall_stick_review_hardening.gd
[0m* test_engine_review_repros_at_both_rates
[wall-stick-review-hardening] { "held_frames": 7, "entry_count": 1, "terminal_count": 1, "blocked_count": 0, "maximum_error_m": 0.00000002462184, "minimum_side_distance_m": 0.45093344449997, "overlap_count": 1, "maximum_commits": 1, "maximum_recovery_m": 0.0, "legacy_switch_count": 1, "jump_velocity": (0.0, 0.0, 0.0), "sticking": false, "grappling": false, "terminal_wall_clear": true, "position": (0.0, 3.984994, 0.099319), "physics_wall_position": (0.0, 4.0, -0.65), "obsolete_pose_overlap_count": 0, "overlap_facts": [{ "step": 8, "position": (0.0, 4.89316, 0.000933), "blocked": false, "collider": &"SupportingWall", "rest": { "point": (0.0, 4.84546, -0.35), "normal": (0.0, 0.0, 1.0), "rid": RID(204985904136200), "collider_id": 2375804783930, "shape": 0, "linear_velocity": (0.0, 0.0, 0.0) } }], "hold_step_ids": [2, 3, 4, 5, 6, 7, 8], "settled_overlap_step_ids": [2, 3, 4, 5, 6, 7, 8], "missed_overlap_step_count": 0, "overlap_step_id_overflow": 0, "blocked_overlap_step_ids": [], "wall_position": (0.0, 4.0, -0.65), "entered_before_change": true, "idle_status_unchanged": true, "listener_removed": true, "rejection": 2, "scenario": "same_resource_growth", "rate": 60, "additional_holds": 0, "externally_resized_geometry": true, "passed": true }
[wall-stick-review-hardening] { "held_frames": 0, "entry_count": 0, "terminal_count": 0, "blocked_count": 0, "maximum_error_m": 0.0, "minimum_side_distance_m": inf, "overlap_count": 0, "maximum_commits": 1, "maximum_recovery_m": 0.0, "legacy_switch_count": 0, "jump_velocity": (0.0, 0.0, 0.0), "sticking": false, "grappling": true, "terminal_wall_clear": true, "position": (0.0, 2.417964, 0.00091), "physics_wall_position": (0.0, 4.0, -0.65), "obsolete_pose_overlap_count": 0, "overlap_facts": [], "hold_step_ids": [], "settled_overlap_step_ids": [], "missed_overlap_step_count": 0, "overlap_step_id_overflow": 0, "blocked_overlap_step_ids": [], "wall_position": (0.0, 4.0, -0.65), "entered_before_change": false, "selected_shape_local_y": 0.93333369493484, "scenario": "compound", "rate": 60, "additional_holds": 0, "externally_resized_geometry": false, "passed": true }
[wall-stick-review-hardening] { "held_frames": 7, "entry_count": 1, "terminal_count": 1, "blocked_count": 0, "maximum_error_m": 0.00000002462184, "minimum_side_distance_m": 0.45093344449997, "overlap_count": 0, "maximum_commits": 1, "maximum_recovery_m": 0.0, "legacy_switch_count": 1, "jump_velocity": (0.0, 0.0, 0.0), "sticking": false, "grappling": false, "terminal_wall_clear": true, "position": (0.0, 3.813494, 0.000933), "physics_wall_position": (0.0, 4.0, -0.65), "obsolete_pose_overlap_count": 0, "overlap_facts": [], "hold_step_ids": [2, 3, 4, 5, 6, 7, 8], "settled_overlap_step_ids": [2, 3, 4, 5, 6, 7, 8], "missed_overlap_step_count": 0, "overlap_step_id_overflow": 0, "blocked_overlap_step_ids": [], "wall_position": (0.0, 4.0, -0.65), "entered_before_change": true, "scenario": "added_owner", "rate": 60, "additional_holds": 0, "externally_resized_geometry": false, "passed": true }
[31m    [Failed]:  [0madded_shape_same_owner @ 60 Hz: { "held_frames": 7, "entry_count": 1, "terminal_count": 1, "blocked_count": 0, "maximum_error_m": 0.00000002462184, "minimum_side_distance_m": 0.45093344449997, "overlap_count": 1, "maximum_commits": 1, "maximum_recovery_m": 0.0, "legacy_switch_count": 1, "jump_velocity": (0.0, 0.0, 0.0), "sticking": false, "grappling": false, "terminal_wall_clear": true, "position": (0.0, 4.099188, 0.000999), "physics_wall_position": (0.0, 4.0, -0.65), "obsolete_pose_overlap_count": 0, "overlap_facts": [{ "step": 8, "position": (0.0, 4.89316, 0.000933), "blocked": false, "collider": &"SupportingWall", "rest": { "point": (0.0, 4.1, 0.000933), "normal": (0.0, 1.0, 0.0), "rid": RID(208271554117640), "collider_id": 2403805957440, "shape": 1, "linear_velocity": (0.0, 0.0, 0.0) } }], "hold_step_ids": [2, 3, 4, 5, 6, 7, 8], "settled_overlap_step_ids": [2, 3, 4, 5, 6, 7, 8], "missed_overlap_step_count": 0, "overlap_step_id_overflow": 0, "blocked_overlap_step_ids": [], "wall_position": (0.0, 4.0, -0.65), "entered_before_change": true, "scenario": "added_shape_same_owner", "rate": 60, "additional_holds": 0, "externally_resized_geometry": false, "passed": false }
      at line 15
[wall-stick-review-hardening] { "held_frames": 7, "entry_count": 1, "terminal_count": 1, "blocked_count": 0, "maximum_error_m": 0.00000002462184, "minimum_side_distance_m": 0.45093344449997, "overlap_count": 1, "maximum_commits": 1, "maximum_recovery_m": 0.0, "legacy_switch_count": 1, "jump_velocity": (0.0, 0.0, 0.0), "sticking": false, "grappling": false, "terminal_wall_clear": true, "position": (0.0, 4.099188, 0.000999), "physics_wall_position": (0.0, 4.0, -0.65), "obsolete_pose_overlap_count": 0, "overlap_facts": [{ "step": 8, "position": (0.0, 4.89316, 0.000933), "blocked": false, "collider": &"SupportingWall", "rest": { "point": (0.0, 4.1, 0.000933), "normal": (0.0, 1.0, 0.0), "rid": RID(208271554117640), "collider_id": 2403805957440, "shape": 1, "linear_velocity": (0.0, 0.0, 0.0) } }], "hold_step_ids": [2, 3, 4, 5, 6, 7, 8], "settled_overlap_step_ids": [2, 3, 4, 5, 6, 7, 8], "missed_overlap_step_count": 0, "overlap_step_id_overflow": 0, "blocked_overlap_step_ids": [], "wall_position": (0.0, 4.0, -0.65), "entered_before_change": true, "scenario": "added_shape_same_owner", "rate": 60, "additional_holds": 0, "externally_resized_geometry": false, "passed": false }
[wall-stick-review-hardening] { "held_frames": 15, "entry_count": 1, "terminal_count": 1, "blocked_count": 0, "maximum_error_m": 0.00000001583248, "minimum_side_distance_m": 0.58480130434036, "overlap_count": 0, "maximum_commits": 1, "maximum_recovery_m": 0.0, "legacy_switch_count": 2, "jump_velocity": (0.0, 0.0, 0.0), "sticking": false, "grappling": false, "terminal_wall_clear": true, "position": (0.0, 3.984994, -0.015199), "physics_wall_position": (0.0, 4.0, -0.8), "obsolete_pose_overlap_count": 0, "overlap_facts": [], "hold_step_ids": [2, 3, 4, 5, 6, 7, 8, 9, 10, 11, 12, 13, 14, 15, 16], "settled_overlap_step_ids": [2, 3, 4, 5, 6, 7, 8, 9, 10, 11, 12, 13, 14, 15, 16], "missed_overlap_step_count": 0, "overlap_step_id_overflow": 0, "blocked_overlap_step_ids": [], "wall_position": (0.0, 4.0, -0.8), "entered_before_change": true, "legacy_winner": &"fixture.wall.neighbor", "bound_support": &"fixture.wall.stick", "query_count": 12, "value_only": true, "kept_original": true, "genuine_switch_detached": true, "scenario": "two_walls", "rate": 60, "additional_holds": 8, "externally_resized_geometry": false, "passed": true }
[wall-stick-review-hardening] { "held_frames": 7, "entry_count": 1, "terminal_count": 0, "blocked_count": 0, "maximum_error_m": 0.0, "minimum_side_distance_m": 0.45093344449997, "overlap_count": 0, "maximum_commits": 1, "maximum_recovery_m": 0.0, "legacy_switch_count": 6, "jump_velocity": (0.0, 0.0, 0.0), "sticking": true, "grappling": true, "terminal_wall_clear": true, "position": (1.4, 3.99316, 0.000933), "physics_wall_position": (1.4, 4.0, -0.65), "obsolete_pose_overlap_count": 0, "overlap_facts": [], "hold_step_ids": [2, 3, 4, 5, 6, 7, 8], "settled_overlap_step_ids": [2, 3, 4, 5, 6, 7], "missed_overlap_step_count": 1, "overlap_step_id_overflow": 0, "blocked_overlap_step_ids": [], "wall_position": (1.6, 4.0, -0.65), "entered_before_change": true, "first_hold_error_m": 0.0, "first_hold_displacement_m": 0.20000001788139, "speed_mps": 12.0, "scenario": "already_moving", "rate": 60, "additional_holds": 0, "externally_resized_geometry": false, "passed": true }
[wall-stick-review-hardening] { "held_frames": 0, "entry_count": 0, "terminal_count": 0, "blocked_count": 0, "maximum_error_m": 0.0, "minimum_side_distance_m": inf, "overlap_count": 0, "maximum_commits": 1, "maximum_recovery_m": 0.0, "legacy_switch_count": 0, "jump_velocity": (0.0, 0.0, 0.0), "sticking": false, "grappling": true, "terminal_wall_clear": true, "position": (0.0, 3.99316, 0.000933), "physics_wall_position": (4.0, 4.0, -0.65), "obsolete_pose_overlap_count": 0, "overlap_facts": [], "hold_step_ids": [], "settled_overlap_step_ids": [], "missed_overlap_step_count": 0, "overlap_step_id_overflow": 0, "blocked_overlap_step_ids": [], "wall_position": (4.0, 4.0, -0.65), "entered_before_change": false, "scenario": "entry_teleport", "rate": 60, "additional_holds": 0, "externally_resized_geometry": false, "passed": true }
[wall-stick-review-hardening] { "held_frames": 8, "entry_count": 1, "terminal_count": 1, "blocked_count": 0, "maximum_error_m": 0.00000061604845, "minimum_side_distance_m": 0.45093344449997, "overlap_count": 0, "maximum_commits": 1, "maximum_recovery_m": 0.0, "legacy_switch_count": 1, "jump_velocity": (0.0, 0.0, 0.0), "sticking": false, "grappling": false, "terminal_wall_clear": true, "position": (0.0, 3.990438, 0.000933), "physics_wall_position": (0.0, 4.0, -0.65), "obsolete_pose_overlap_count": 0, "overlap_facts": [], "hold_step_ids": [2, 3, 4, 5, 6, 7, 8, 9], "settled_overlap_step_ids": [2, 3, 4, 5, 6, 7, 8, 9], "missed_overlap_step_count": 0, "overlap_step_id_overflow": 0, "blocked_overlap_step_ids": [], "wall_position": (0.0, 4.0, -0.65), "entered_before_change": true, "rejection": 2, "tilt_radians": 0.00026999998954, "scenario": "slow_roll", "rate": 60, "additional_holds": 1, "externally_resized_geometry": false, "passed": true }
[wall-stick-review-hardening] { "held_frames": 8, "entry_count": 1, "terminal_count": 1, "blocked_count": 0, "maximum_error_m": 0.00000002462184, "minimum_side_distance_m": 0.45093344449997, "overlap_count": 0, "maximum_commits": 1, "maximum_recovery_m": 0.0, "legacy_switch_count": 1, "jump_velocity": (0.0, 0.0, 0.0), "sticking": false, "grappling": false, "terminal_wall_clear": true, "position": (0.0, 3.990264, 0.000932), "physics_wall_position": (0.0, 4.0, -0.65), "obsolete_pose_overlap_count": 0, "overlap_facts": [], "hold_step_ids": [2, 3, 4, 5, 6, 7, 8, 9], "settled_overlap_step_ids": [2, 3, 4, 5, 6, 7, 8, 9], "missed_overlap_step_count": 0, "overlap_step_id_overflow": 0, "blocked_overlap_step_ids": [], "wall_position": (0.0, 4.0, -0.65), "entered_before_change": true, "rejection": 2, "tilt_radians": 0.00026999998954, "scenario": "slow_pitch", "rate": 60, "additional_holds": 1, "externally_resized_geometry": false, "passed": true }
[wall-stick-review-hardening] { "held_frames": 11, "entry_count": 1, "terminal_count": 0, "blocked_count": 0, "maximum_error_m": 0.00000002462184, "minimum_side_distance_m": 0.45093344449997, "overlap_count": 0, "maximum_commits": 1, "maximum_recovery_m": 0.0, "legacy_switch_count": 1, "jump_velocity": (0.0, 0.0, 0.0), "sticking": true, "grappling": true, "terminal_wall_clear": true, "position": (0.0, 3.99316, 0.000933), "physics_wall_position": (0.0, 4.0, -0.65), "obsolete_pose_overlap_count": 0, "overlap_facts": [], "hold_step_ids": [2, 3, 4, 5, 6, 7, 8, 9, 10, 11, 12], "settled_overlap_step_ids": [2, 3, 4, 5, 6, 7, 8, 9, 10, 11], "missed_overlap_step_count": 1, "overlap_step_id_overflow": 0, "blocked_overlap_step_ids": [], "wall_position": (0.0, 4.0, -0.65), "entered_before_change": true, "old_shape_index": 1, "new_shape_index": 0, "scenario": "disabled_owner_removed", "rate": 60, "additional_holds": 4, "externally_resized_geometry": false, "passed": true }
[wall-stick-review-hardening] { "held_frames": 7, "entry_count": 1, "terminal_count": 0, "blocked_count": 0, "maximum_error_m": 0.00000002462184, "minimum_side_distance_m": 0.45093344449997, "overlap_count": 0, "maximum_commits": 1, "maximum_recovery_m": 0.0, "legacy_switch_count": 1, "jump_velocity": (0.0, 0.0, 0.0), "sticking": true, "grappling": true, "terminal_wall_clear": true, "position": (0.0, 3.99316, 0.000933), "physics_wall_position": (0.0, 4.0, -0.65), "obsolete_pose_overlap_count": 0, "overlap_facts": [], "hold_step_ids": [2, 3, 4, 5, 6, 7, 8], "settled_overlap_step_ids": [2, 3, 4, 5, 6, 7, 8], "missed_overlap_step_count": 0, "overlap_step_id_overflow": 0, "blocked_overlap_step_ids": [], "wall_position": (0.0, 4.0, -0.65), "entered_before_change": true, "delta_mismatch_blocked": true, "refused_motion_m": 0.0, "scenario": "delta_mismatch", "rate": 60, "additional_holds": 0, "externally_resized_geometry": false, "passed": true }
[wall-stick-review-hardening] { "held_frames": 7, "entry_count": 1, "terminal_count": 1, "blocked_count": 0, "maximum_error_m": 0.00000001298031, "minimum_side_distance_m": 0.45088725090027, "overlap_count": 1, "maximum_commits": 1, "maximum_recovery_m": 0.0, "legacy_switch_count": 1, "jump_velocity": (0.0, 0.0, 0.0), "sticking": false, "grappling": false, "terminal_wall_clear": true, "position": (0.0, 3.996249, 0.099319), "physics_wall_position": (0.0, 4.0, -0.65), "obsolete_pose_overlap_count": 0, "overlap_facts": [{ "step": 8, "position": (0.0, 4.89829, 0.000887), "blocked": false, "collider": &"SupportingWall", "rest": { "point": (-0.0, 4.850316, -0.35), "normal": (0.0, 0.0, 1.0), "rid": RID(212811334549512), "collider_id": 2448282356812, "shape": 0, "linear_velocity": (0.0, 0.0, 0.0) } }], "hold_step_ids": [2, 3, 4, 5, 6, 7, 8], "settled_overlap_step_ids": [2, 3, 4, 5, 6, 7, 8], "missed_overlap_step_count": 0, "overlap_step_id_overflow": 0, "blocked_overlap_step_ids": [], "wall_position": (0.0, 4.0, -0.65), "entered_before_change": true, "idle_status_unchanged": true, "listener_removed": true, "rejection": 2, "scenario": "same_resource_growth", "rate": 120, "additional_holds": 0, "externally_resized_geometry": true, "passed": true }
[wall-stick-review-hardening] { "held_frames": 0, "entry_count": 0, "terminal_count": 0, "blocked_count": 0, "maximum_error_m": 0.0, "minimum_side_distance_m": inf, "overlap_count": 0, "maximum_commits": 1, "maximum_recovery_m": 0.0, "legacy_switch_count": 0, "jump_velocity": (0.0, 0.0, 0.0), "sticking": false, "grappling": true, "terminal_wall_clear": true, "position": (0.0, 3.416174, 0.000863), "physics_wall_position": (0.0, 4.0, -0.65), "obsolete_pose_overlap_count": 0, "overlap_facts": [], "hold_step_ids": [], "settled_overlap_step_ids": [], "missed_overlap_step_count": 0, "overlap_step_id_overflow": 0, "blocked_overlap_step_ids": [], "wall_position": (0.0, 4.0, -0.65), "entered_before_change": false, "selected_shape_local_y": 0.46666684746742, "scenario": "compound", "rate": 120, "additional_holds": 0, "externally_resized_geometry": false, "passed": true }
[wall-stick-review-hardening] { "held_frames": 7, "entry_count": 1, "terminal_count": 1, "blocked_count": 0, "maximum_error_m": 0.00000001298031, "minimum_side_distance_m": 0.45088725090027, "overlap_count": 0, "maximum_commits": 1, "maximum_recovery_m": 0.0, "legacy_switch_count": 1, "jump_velocity": (0.0, 0.0, 0.0), "sticking": false, "grappling": false, "terminal_wall_clear": true, "position": (0.0, 3.953374, 0.000887), "physics_wall_position": (0.0, 4.0, -0.65), "obsolete_pose_overlap_count": 0, "overlap_facts": [], "hold_step_ids": [2, 3, 4, 5, 6, 7, 8], "settled_overlap_step_ids": [2, 3, 4, 5, 6, 7, 8], "missed_overlap_step_count": 0, "overlap_step_id_overflow": 0, "blocked_overlap_step_ids": [], "wall_position": (0.0, 4.0, -0.65), "entered_before_change": true, "scenario": "added_owner", "rate": 120, "additional_holds": 0, "externally_resized_geometry": false, "passed": true }
[31m    [Failed]:  [0madded_shape_same_owner @ 120 Hz: { "held_frames": 7, "entry_count": 1, "terminal_count": 1, "blocked_count": 0, "maximum_error_m": 0.00000001298031, "minimum_side_distance_m": 0.45088725090027, "overlap_count": 1, "maximum_commits": 1, "maximum_recovery_m": 0.0, "legacy_switch_count": 1, "jump_velocity": (0.0, 0.0, 0.0), "sticking": false, "grappling": false, "terminal_wall_clear": true, "position": (0.0, 4.099275, 0.000998), "physics_wall_position": (0.0, 4.0, -0.65), "obsolete_pose_overlap_count": 0, "overlap_facts": [{ "step": 8, "position": (0.0, 4.89829, 0.000887), "blocked": false, "collider": &"SupportingWall", "rest": { "point": (-0.0, 4.1, 0.000887), "normal": (0.0, 1.0, 0.0), "rid": RID(215023242706952), "collider_id": 2476115758389, "shape": 1, "linear_velocity": (0.0, 0.0, 0.0) } }], "hold_step_ids": [2, 3, 4, 5, 6, 7, 8], "settled_overlap_step_ids": [2, 3, 4, 5, 6, 7, 8], "missed_overlap_step_count": 0, "overlap_step_id_overflow": 0, "blocked_overlap_step_ids": [], "wall_position": (0.0, 4.0, -0.65), "entered_before_change": true, "scenario": "added_shape_same_owner", "rate": 120, "additional_holds": 0, "externally_resized_geometry": false, "passed": false }
      at line 15
[wall-stick-review-hardening] { "held_frames": 7, "entry_count": 1, "terminal_count": 1, "blocked_count": 0, "maximum_error_m": 0.00000001298031, "minimum_side_distance_m": 0.45088725090027, "overlap_count": 1, "maximum_commits": 1, "maximum_recovery_m": 0.0, "legacy_switch_count": 1, "jump_velocity": (0.0, 0.0, 0.0), "sticking": false, "grappling": false, "terminal_wall_clear": true, "position": (0.0, 4.099275, 0.000998), "physics_wall_position": (0.0, 4.0, -0.65), "obsolete_pose_overlap_count": 0, "overlap_facts": [{ "step": 8, "position": (0.0, 4.89829, 0.000887), "blocked": false, "collider": &"SupportingWall", "rest": { "point": (-0.0, 4.1, 0.000887), "normal": (0.0, 1.0, 0.0), "rid": RID(215023242706952), "collider_id": 2476115758389, "shape": 1, "linear_velocity": (0.0, 0.0, 0.0) } }], "hold_step_ids": [2, 3, 4, 5, 6, 7, 8], "settled_overlap_step_ids": [2, 3, 4, 5, 6, 7, 8], "missed_overlap_step_count": 0, "overlap_step_id_overflow": 0, "blocked_overlap_step_ids": [], "wall_position": (0.0, 4.0, -0.65), "entered_before_change": true, "scenario": "added_shape_same_owner", "rate": 120, "additional_holds": 0, "externally_resized_geometry": false, "passed": false }
[wall-stick-review-hardening] { "held_frames": 15, "entry_count": 1, "terminal_count": 1, "blocked_count": 0, "maximum_error_m": 0.00000000395812, "minimum_side_distance_m": 0.59620033502579, "overlap_count": 0, "maximum_commits": 1, "maximum_recovery_m": 0.0, "legacy_switch_count": 2, "jump_velocity": (0.0, 0.0, 0.0), "sticking": false, "grappling": false, "terminal_wall_clear": true, "position": (0.0, 3.996248, -0.0038), "physics_wall_position": (0.0, 4.0, -0.8), "obsolete_pose_overlap_count": 0, "overlap_facts": [], "hold_step_ids": [2, 3, 4, 5, 6, 7, 8, 9, 10, 11, 12, 13, 14, 15, 16], "settled_overlap_step_ids": [2, 3, 4, 5, 6, 7, 8, 9, 10, 11, 12, 13, 14, 15, 16], "missed_overlap_step_count": 0, "overlap_step_id_overflow": 0, "blocked_overlap_step_ids": [], "wall_position": (0.0, 4.0, -0.8), "entered_before_change": true, "legacy_winner": &"fixture.wall.neighbor", "bound_support": &"fixture.wall.stick", "query_count": 12, "value_only": true, "kept_original": true, "genuine_switch_detached": true, "scenario": "two_walls", "rate": 120, "additional_holds": 8, "externally_resized_geometry": false, "passed": true }
[wall-stick-review-hardening] { "held_frames": 7, "entry_count": 1, "terminal_count": 0, "blocked_count": 0, "maximum_error_m": 0.0, "minimum_side_distance_m": 0.45088725090027, "overlap_count": 0, "maximum_commits": 1, "maximum_recovery_m": 0.0, "legacy_switch_count": 1, "jump_velocity": (0.0, 0.0, 0.0), "sticking": true, "grappling": true, "terminal_wall_clear": true, "position": (1.166667, 3.99829, 0.000887), "physics_wall_position": (1.166667, 4.0, -0.65), "obsolete_pose_overlap_count": 0, "overlap_facts": [], "hold_step_ids": [2, 3, 4, 5, 6, 7, 8], "settled_overlap_step_ids": [2, 3, 4, 5, 6, 7], "missed_overlap_step_count": 1, "overlap_step_id_overflow": 0, "blocked_overlap_step_ids": [], "wall_position": (1.333333, 4.0, -0.65), "entered_before_change": true, "first_hold_error_m": 0.0, "first_hold_displacement_m": 0.16666667163372, "speed_mps": 20.0, "scenario": "already_moving", "rate": 120, "additional_holds": 0, "externally_resized_geometry": false, "passed": true }
[wall-stick-review-hardening] { "held_frames": 0, "entry_count": 0, "terminal_count": 0, "blocked_count": 0, "maximum_error_m": 0.0, "minimum_side_distance_m": inf, "overlap_count": 0, "maximum_commits": 1, "maximum_recovery_m": 0.0, "legacy_switch_count": 0, "jump_velocity": (0.0, 0.0, 0.0), "sticking": false, "grappling": true, "terminal_wall_clear": true, "position": (0.0, 3.99829, 0.000887), "physics_wall_position": (4.0, 4.0, -0.65), "obsolete_pose_overlap_count": 0, "overlap_facts": [], "hold_step_ids": [], "settled_overlap_step_ids": [], "missed_overlap_step_count": 0, "overlap_step_id_overflow": 0, "blocked_overlap_step_ids": [], "wall_position": (4.0, 4.0, -0.65), "entered_before_change": false, "scenario": "entry_teleport", "rate": 120, "additional_holds": 0, "externally_resized_geometry": false, "passed": true }
[wall-stick-review-hardening] { "held_frames": 8, "entry_count": 1, "terminal_count": 1, "blocked_count": 0, "maximum_error_m": 0.0000001544195, "minimum_side_distance_m": 0.45088725090027, "overlap_count": 0, "maximum_commits": 1, "maximum_recovery_m": 0.0, "legacy_switch_count": 1, "jump_velocity": (0.0, 0.0, 0.0), "sticking": false, "grappling": false, "terminal_wall_clear": true, "position": (0.0, 3.99761, 0.000887), "physics_wall_position": (0.0, 4.0, -0.65), "obsolete_pose_overlap_count": 0, "overlap_facts": [], "hold_step_ids": [2, 3, 4, 5, 6, 7, 8, 9], "settled_overlap_step_ids": [2, 3, 4, 5, 6, 7, 8, 9], "missed_overlap_step_count": 0, "overlap_step_id_overflow": 0, "blocked_overlap_step_ids": [], "wall_position": (0.0, 4.0, -0.65), "entered_before_change": true, "rejection": 2, "tilt_radians": 0.00026999998954, "scenario": "slow_roll", "rate": 120, "additional_holds": 1, "externally_resized_geometry": false, "passed": true }
[wall-stick-review-hardening] { "held_frames": 8, "entry_count": 1, "terminal_count": 1, "blocked_count": 0, "maximum_error_m": 0.00000001298031, "minimum_side_distance_m": 0.45088725090027, "overlap_count": 0, "maximum_commits": 1, "maximum_recovery_m": 0.0, "legacy_switch_count": 1, "jump_velocity": (0.0, 0.0, 0.0), "sticking": false, "grappling": false, "terminal_wall_clear": true, "position": (0.0, 3.997434, 0.000887), "physics_wall_position": (0.0, 4.0, -0.65), "obsolete_pose_overlap_count": 0, "overlap_facts": [], "hold_step_ids": [2, 3, 4, 5, 6, 7, 8, 9], "settled_overlap_step_ids": [2, 3, 4, 5, 6, 7, 8, 9], "missed_overlap_step_count": 0, "overlap_step_id_overflow": 0, "blocked_overlap_step_ids": [], "wall_position": (0.0, 4.0, -0.65), "entered_before_change": true, "rejection": 2, "tilt_radians": 0.00026999998954, "scenario": "slow_pitch", "rate": 120, "additional_holds": 1, "externally_resized_geometry": false, "passed": true }
[wall-stick-review-hardening] { "held_frames": 11, "entry_count": 1, "terminal_count": 0, "blocked_count": 0, "maximum_error_m": 0.00000001298031, "minimum_side_distance_m": 0.45088725090027, "overlap_count": 0, "maximum_commits": 1, "maximum_recovery_m": 0.0, "legacy_switch_count": 1, "jump_velocity": (0.0, 0.0, 0.0), "sticking": true, "grappling": true, "terminal_wall_clear": true, "position": (0.0, 3.99829, 0.000887), "physics_wall_position": (0.0, 4.0, -0.65), "obsolete_pose_overlap_count": 0, "overlap_facts": [], "hold_step_ids": [2, 3, 4, 5, 6, 7, 8, 9, 10, 11, 12], "settled_overlap_step_ids": [2, 3, 4, 5, 6, 7, 8, 9, 10, 11], "missed_overlap_step_count": 1, "overlap_step_id_overflow": 0, "blocked_overlap_step_ids": [], "wall_position": (0.0, 4.0, -0.65), "entered_before_change": true, "old_shape_index": 1, "new_shape_index": 0, "scenario": "disabled_owner_removed", "rate": 120, "additional_holds": 4, "externally_resized_geometry": false, "passed": true }
[wall-stick-review-hardening] { "held_frames": 7, "entry_count": 1, "terminal_count": 0, "blocked_count": 0, "maximum_error_m": 0.00000001298031, "minimum_side_distance_m": 0.45088725090027, "overlap_count": 0, "maximum_commits": 1, "maximum_recovery_m": 0.0, "legacy_switch_count": 1, "jump_velocity": (0.0, 0.0, 0.0), "sticking": true, "grappling": true, "terminal_wall_clear": true, "position": (0.0, 3.99829, 0.000887), "physics_wall_position": (0.0, 4.0, -0.65), "obsolete_pose_overlap_count": 0, "overlap_facts": [], "hold_step_ids": [2, 3, 4, 5, 6, 7, 8], "settled_overlap_step_ids": [2, 3, 4, 5, 6, 7, 8], "missed_overlap_step_count": 0, "overlap_step_id_overflow": 0, "blocked_overlap_step_ids": [], "wall_position": (0.0, 4.0, -0.65), "entered_before_change": true, "delta_mismatch_blocked": true, "refused_motion_m": 0.0, "scenario": "delta_mismatch", "rate": 120, "additional_holds": 0, "externally_resized_geometry": false, "passed": true }
* test_missing_and_invalid_stick_definition_deactivate_composition
ERROR: PlayerController requires a valid WallStickDefinition.
   at: push_error (core/variant/variant_utility.cpp:1023)
   GDScript backtrace (most recent call first):
       [0] _ready (res://scripts/player_controller.gd:243)
       [1] test_missing_and_invalid_stick_definition_deactivate_composition 
(res://tests/player/locomotion/test_wall_stick_review_hardening.gd:29)
       [2] _run_test (res://addons/gut/gut.gd:622)
       [3] _test_the_scripts (res://addons/gut/gut.gd:835)
[34m[ExpectedError][0mExpected push_error error containing 'requires a valid WallStickDefinition'.  
ERROR: PlayerController requires a valid WallStickDefinition.
   at: push_error (core/variant/variant_utility.cpp:1023)
   GDScript backtrace (most recent call first):
       [0] _ready (res://scripts/player_controller.gd:243)
       [1] test_missing_and_invalid_stick_definition_deactivate_composition 
(res://tests/player/locomotion/test_wall_stick_review_hardening.gd:29)
[34m[ExpectedError][0mExpected push_error error containing 'requires a valid WallStickDefinition'.  
* test_geometry_listener_does_not_retain_a_released_attachment
[1m2/3 passed.
[0m[4m

res://tests/player/locomotion/test_wall_traversal_contract.gd
[0m* test_wall_relationship_is_established_once_and_held_across_preserved_continuity
* test_switched_continuity_re_derives_the_relationship_once_and_deliberately
* test_run_direction_is_deterministic_and_sign_aligned_with_horizontal_travel
* test_wall_fact_gate_fails_toward_exit_for_lost_unavailable_and_missing_walls
* test_carried_previous_step_frame_is_rejected_by_the_wall_fact_gate
* test_unexpected_continuity_action_clears_the_relationship
* test_wall_run_entry_policy_keeps_the_authored_speed_gates
* test_wall_stick_actual_entry_uses_only_the_configured_upper_total_speed
* test_wall_stick_entry_speed_rejects_nonfinite_vectors
* test_wall_stick_speed_telemetry_reads_real_commits_without_mutation
* test_low_speed_wall_stick_actual_entry_keeps_the_other_guards
* test_outward_wall_speed_uses_horizontal_projection_and_filters_float_roundoff
* test_wall_run_input_alignment_gate_uses_the_established_run_direction
* test_wall_jump_desired_motion_retains_along_wall_and_drops_outward
* test_wall_jump_impulse_is_occurrence_identified_and_rejects_the_double_apply
ERROR: GameLog player.motor.duplicate_occurrence (step=12 locomotion=player.jump.wall source=player.jump.wall 
reason=duplicate_occurrence kind=5)
   at: push_error (core/variant/variant_utility.cpp:1023)
   GDScript backtrace (most recent call first):
       [0] record_invariant (res://game/app/logging/game_log.gd:28)
       [1] _record_rejection (res://game/player/motor/player_motor.gd:1549)
       [2] _reject_submission (res://game/player/motor/player_motor.gd:1483)
       [3] _submit_submission (res://game/player/motor/player_motor.gd:666)
       [4] submit_one_shot_impulse (res://game/player/motor/player_motor.gd:411)
       [5] test_wall_jump_impulse_is_occurrence_identified_and_rejects_the_double_apply 
(res://tests/player/locomotion/test_wall_traversal_contract.gd:388)
       [6] _run_test (res://addons/gut/gut.gd:622)
       [7] _test_the_scripts (res://addons/gut/gut.gd:835)
[34m[ExpectedError][0mExpected push_error error containing 'player.motor.duplicate_occurrence'.  
* test_wall_run_base_motion_retains_above_target_along_wall_momentum
* test_wall_run_entry_velocity_survives_the_entry_step_unmodified
* test_wall_stick_hold_is_expressed_only_as_a_motor_constraint_submission
* test_wall_stick_non_jump_exit_preserves_the_reference_velocity
* test_wall_stick_and_wall_run_hold_frame_rules_stay_exclusive
ERROR: GameLog player.motor.exclusive_policy_conflict (step=33 locomotion= source= reason=exclusive_policy_conflict 
kind=-1)
   at: push_error (core/variant/variant_utility.cpp:1023)
   GDScript backtrace (most recent call first):
       [0] record_invariant (res://game/app/logging/game_log.gd:28)
       [1] _record_rejection (res://game/player/motor/player_motor.gd:1549)
       [2] _reject_result (res://game/player/motor/player_motor.gd:1455)
       [3] resolve_and_commit (res://game/player/motor/player_motor.gd:776)
       [4] test_wall_stick_and_wall_run_hold_frame_rules_stay_exclusive 
(res://tests/player/locomotion/test_wall_traversal_contract.gd:515)
       [5] _run_test (res://addons/gut/gut.gd:622)
       [6] _test_the_scripts (res://addons/gut/gut.gd:835)
[34m[ExpectedError][0mExpected push_error error containing 'player.motor.exclusive_policy_conflict'.  
* test_wall_policy_reads_only_shared_contact_facts_and_command_frames
* test_wall_policy_has_no_hardware_input_reads
* test_wall_policy_keeps_the_single_commit_and_never_restarts_the_level
* test_wall_traversal_states_read_only_the_immutable_command_frame_and_agent_views
[1m24/24 passed.
[0m[4m

res://tests/player/locomotion/test_wall_traversal_integration.gd
[0m* test_wall_run_enters_once_on_both_sides_and_keeps_the_constraint_applied
[1-9-wall-run] side -1.0 @ 60 Hz -> { "transition_counts": { &"player.locomotion.wall_run": 1 }, "prev_state": &"player.locomotion.wall_run", "active_steps": 88, "held_steps": 0, "constraint_applied_count": 88, "hold_constraint_applied_count": 0, "hold_request_after_exit_count": 0, "commit_count_max": 1, "min_direction_dot": 1.0, "outward_exit_projection": 0.0, "outward_exit_action": 0, "corner_trace": [], "jump_count": 0, "hold_request_seen": false, "grapple_held_at_exit": true, "valid_outward_hold_seen": false, "exited": false, "landed": false, "ever_wall_running": true, "ever_wall_sticking": false, "still_wall_running": false, "still_wall_sticking": false, "reached_mode": false, "exit_latency_steps": 0, "post_exit_state": &"", "end_along_wall_speed": 10.0, "entry_along_wall_speed": 7.96666669845581, "first_wall_run_speed": 8.03333377838135, "wall_normal": (0.0, 0.0, -1.0), "wall_run_direction": (1.0, 0.0, 0.0), "launch_velocity": (0.0, 0.0, 0.0), "pre_jump_along_wall_speed": 0.0, "jump_reference_outward_speed": 0.0, "state_at_jump": &"", "first_state_after_jump": &"", "exit_velocity": (0.0, 0.0, 0.0), "pre_exit_velocity": (0.0, 0.0, 0.0), "terminal_reason": 0, "terminal_count": 0, "duplicate_terminal_same": false, "wall_cleared_before_terminal_signal": false, "airborne_steering_available": false, "grapple_acquisition_available": false, "grapple_started_after_jump": false, "recovery_option_available": false, "recovery_action_worked": false, "lost_frame_seen_while_running": false, "lost_frame_seen_while_sticking": false, "valid_outward_entry_seen": false, "wall_constraint_on_exit": false, "hold_request_on_exit": false, "wall_contact_after_turn": false, "switched_frame_seen": false, "selected_switched_normal": (0.0, 0.0, 0.0), "level_restarted": false, "entry_was_missed": false, "exited_wall_early": false, "released_grapple": false }
[1-9-wall-run] side 1.0 @ 60 Hz -> { "transition_counts": { &"player.locomotion.wall_run": 1 }, "prev_state": &"player.locomotion.wall_run", "active_steps": 88, "held_steps": 0, "constraint_applied_count": 88, "hold_constraint_applied_count": 0, "hold_request_after_exit_count": 0, "commit_count_max": 1, "min_direction_dot": 1.0, "outward_exit_projection": 0.0, "outward_exit_action": 0, "corner_trace": [], "jump_count": 0, "hold_request_seen": false, "grapple_held_at_exit": true, "valid_outward_hold_seen": false, "exited": false, "landed": false, "ever_wall_running": true, "ever_wall_sticking": false, "still_wall_running": false, "still_wall_sticking": false, "reached_mode": false, "exit_latency_steps": 0, "post_exit_state": &"", "end_along_wall_speed": 10.0, "entry_along_wall_speed": 7.96666669845581, "first_wall_run_speed": 8.03333377838135, "wall_normal": (0.0, 0.0, 1.0), "wall_run_direction": (1.0, 0.0, 0.0), "launch_velocity": (0.0, 0.0, 0.0), "pre_jump_along_wall_speed": 0.0, "jump_reference_outward_speed": 0.0, "state_at_jump": &"", "first_state_after_jump": &"", "exit_velocity": (0.0, 0.0, 0.0), "pre_exit_velocity": (0.0, 0.0, 0.0), "terminal_reason": 0, "terminal_count": 0, "duplicate_terminal_same": false, "wall_cleared_before_terminal_signal": false, "airborne_steering_available": false, "grapple_acquisition_available": false, "grapple_started_after_jump": false, "recovery_option_available": false, "recovery_action_worked": false, "lost_frame_seen_while_running": false, "lost_frame_seen_while_sticking": false, "valid_outward_entry_seen": false, "wall_constraint_on_exit": false, "hold_request_on_exit": false, "wall_contact_after_turn": false, "switched_frame_seen": false, "selected_switched_normal": (0.0, 0.0, 0.0), "level_restarted": false, "entry_was_missed": false, "exited_wall_early": false, "released_grapple": false }
[1-9-wall-run] side -1.0 @ 120 Hz -> { "transition_counts": { &"player.locomotion.wall_run": 1 }, "prev_state": &"player.locomotion.wall_run", "active_steps": 178, "held_steps": 0, "constraint_applied_count": 178, "hold_constraint_applied_count": 0, "hold_request_after_exit_count": 0, "commit_count_max": 1, "min_direction_dot": 1.0, "outward_exit_projection": 0.0, "outward_exit_action": 0, "corner_trace": [], "jump_count": 0, "hold_request_seen": false, "grapple_held_at_exit": true, "valid_outward_hold_seen": false, "exited": false, "landed": false, "ever_wall_running": true, "ever_wall_sticking": false, "still_wall_running": false, "still_wall_sticking": false, "reached_mode": false, "exit_latency_steps": 0, "post_exit_state": &"", "end_along_wall_speed": 10.0, "entry_along_wall_speed": 7.98333311080933, "first_wall_run_speed": 8.01666641235352, "wall_normal": (0.0, 0.0, -1.0), "wall_run_direction": (1.0, 0.0, 0.0), "launch_velocity": (0.0, 0.0, 0.0), "pre_jump_along_wall_speed": 0.0, "jump_reference_outward_speed": 0.0, "state_at_jump": &"", "first_state_after_jump": &"", "exit_velocity": (0.0, 0.0, 0.0), "pre_exit_velocity": (0.0, 0.0, 0.0), "terminal_reason": 0, "terminal_count": 0, "duplicate_terminal_same": false, "wall_cleared_before_terminal_signal": false, "airborne_steering_available": false, "grapple_acquisition_available": false, "grapple_started_after_jump": false, "recovery_option_available": false, "recovery_action_worked": false, "lost_frame_seen_while_running": false, "lost_frame_seen_while_sticking": false, "valid_outward_entry_seen": false, "wall_constraint_on_exit": false, "hold_request_on_exit": false, "wall_contact_after_turn": false, "switched_frame_seen": false, "selected_switched_normal": (0.0, 0.0, 0.0), "level_restarted": false, "entry_was_missed": false, "exited_wall_early": false, "released_grapple": false }
[1-9-wall-run] side 1.0 @ 120 Hz -> { "transition_counts": { &"player.locomotion.wall_run": 1 }, "prev_state": &"player.locomotion.wall_run", "active_steps": 178, "held_steps": 0, "constraint_applied_count": 178, "hold_constraint_applied_count": 0, "hold_request_after_exit_count": 0, "commit_count_max": 1, "min_direction_dot": 1.0, "outward_exit_projection": 0.0, "outward_exit_action": 0, "corner_trace": [], "jump_count": 0, "hold_request_seen": false, "grapple_held_at_exit": true, "valid_outward_hold_seen": false, "exited": false, "landed": false, "ever_wall_running": true, "ever_wall_sticking": false, "still_wall_running": false, "still_wall_sticking": false, "reached_mode": false, "exit_latency_steps": 0, "post_exit_state": &"", "end_along_wall_speed": 10.0, "entry_along_wall_speed": 7.98333311080933, "first_wall_run_speed": 8.01666641235352, "wall_normal": (0.0, 0.0, 1.0), "wall_run_direction": (1.0, 0.0, 0.0), "launch_velocity": (0.0, 0.0, 0.0), "pre_jump_along_wall_speed": 0.0, "jump_reference_outward_speed": 0.0, "state_at_jump": &"", "first_state_after_jump": &"", "exit_velocity": (0.0, 0.0, 0.0), "pre_exit_velocity": (0.0, 0.0, 0.0), "terminal_reason": 0, "terminal_count": 0, "duplicate_terminal_same": false, "wall_cleared_before_terminal_signal": false, "airborne_steering_available": false, "grapple_acquisition_available": false, "grapple_started_after_jump": false, "recovery_option_available": false, "recovery_action_worked": false, "lost_frame_seen_while_running": false, "lost_frame_seen_while_sticking": false, "valid_outward_entry_seen": false, "wall_constraint_on_exit": false, "hold_request_on_exit": false, "wall_contact_after_turn": false, "switched_frame_seen": false, "selected_switched_normal": (0.0, 0.0, 0.0), "level_restarted": false, "entry_was_missed": false, "exited_wall_early": false, "released_grapple": false }
* test_above_target_momentum_survives_the_real_wall_run_handoff
* test_wall_run_direction_never_reverses_across_a_shallow_corner
[1-9-corner] 60Hz -> { "transition_counts": { &"player.locomotion.wall_run": 1 }, "prev_state": &"player.locomotion.wall_run", "active_steps": 86, "held_steps": 0, "constraint_applied_count": 0, "hold_constraint_applied_count": 0, "hold_request_after_exit_count": 0, "commit_count_max": 1, "min_direction_dot": 0.98480778932571, "outward_exit_projection": 0.0, "outward_exit_action": 0, "corner_trace": [{ "x": -6.7344446182251, "z": 0.0, "direction": (1.0, 0.0, 0.0), "wall": &"" }, { "x": 3.75911974906921, "z": 0.04324124753475, "direction": (0.984808, 0.0, 0.173648), "wall": &"" }], "jump_count": 0, "hold_request_seen": false, "grapple_held_at_exit": true, "valid_outward_hold_seen": false, "exited": false, "landed": false, "ever_wall_running": true, "ever_wall_sticking": false, "still_wall_running": true, "still_wall_sticking": false, "reached_mode": false, "exit_latency_steps": 0, "post_exit_state": &"", "end_along_wall_speed": 0.0, "entry_along_wall_speed": 0.0, "first_wall_run_speed": -1.0, "wall_normal": (0.0, 0.0, 0.0), "wall_run_direction": (0.0, 0.0, 0.0), "launch_velocity": (0.0, 0.0, 0.0), "pre_jump_along_wall_speed": 0.0, "jump_reference_outward_speed": 0.0, "state_at_jump": &"", "first_state_after_jump": &"", "exit_velocity": (0.0, 0.0, 0.0), "pre_exit_velocity": (0.0, 0.0, 0.0), "terminal_reason": 0, "terminal_count": 0, "duplicate_terminal_same": false, "wall_cleared_before_terminal_signal": false, "airborne_steering_available": false, "grapple_acquisition_available": false, "grapple_started_after_jump": false, "recovery_option_available": false, "recovery_action_worked": false, "lost_frame_seen_while_running": false, "lost_frame_seen_while_sticking": false, "valid_outward_entry_seen": false, "wall_constraint_on_exit": false, "hold_request_on_exit": false, "wall_contact_after_turn": false, "switched_frame_seen": false, "selected_switched_normal": (0.0, 0.0, 0.0), "level_restarted": false, "entry_was_missed": false, "exited_wall_early": false, "released_grapple": false }
[31m    [Failed]:  [0m[2] expected to equal [3]:  
      at line 118
[1-9-corner] 120Hz -> { "transition_counts": { &"player.locomotion.wall_run": 1, &"player.locomotion.airborne": 1 }, "prev_state": &"player.locomotion.airborne", "active_steps": 161, "held_steps": 0, "constraint_applied_count": 0, "hold_constraint_applied_count": 0, "hold_request_after_exit_count": 0, "commit_count_max": 1, "min_direction_dot": 0.98480778932571, "outward_exit_projection": 3.16522550582886, "outward_exit_action": 2, "corner_trace": [{ "x": -6.73388862609863, "z": 0.0, "direction": (1.0, 0.0, 0.0), "wall": &"" }, { "x": 3.75913500785828, "z": 0.04323099181056, "direction": (0.984808, 0.0, 0.173648), "wall": &"" }], "jump_count": 0, "hold_request_seen": false, "grapple_held_at_exit": true, "valid_outward_hold_seen": false, "exited": false, "landed": false, "ever_wall_running": true, "ever_wall_sticking": false, "still_wall_running": false, "still_wall_sticking": false, "reached_mode": false, "exit_latency_steps": 0, "post_exit_state": &"", "end_along_wall_speed": 0.0, "entry_along_wall_speed": 0.0, "first_wall_run_speed": -1.0, "wall_normal": (0.0, 0.0, 0.0), "wall_run_direction": (0.0, 0.0, 0.0), "launch_velocity": (0.0, 0.0, 0.0), "pre_jump_along_wall_speed": 0.0, "jump_reference_outward_speed": 0.0, "state_at_jump": &"", "first_state_after_jump": &"", "exit_velocity": (0.0, 0.0, 0.0), "pre_exit_velocity": (0.0, 0.0, 0.0), "terminal_reason": 0, "terminal_count": 0, "duplicate_terminal_same": false, "wall_cleared_before_terminal_signal": false, "airborne_steering_available": false, "grapple_acquisition_available": false, "grapple_started_after_jump": false, "recovery_option_available": false, "recovery_action_worked": false, "lost_frame_seen_while_running": false, "lost_frame_seen_while_sticking": false, "valid_outward_entry_seen": false, "wall_constraint_on_exit": false, "hold_request_on_exit": false, "wall_contact_after_turn": false, "switched_frame_seen": false, "selected_switched_normal": (0.0, 0.0, 0.0), "level_restarted": false, "entry_was_missed": false, "exited_wall_early": false, "released_grapple": false }
* test_invalid_wall_angle_never_enters_wall_run
[1-9-ramp] 60Hz -> { "transition_counts": { &"player.locomotion.grounded": 1 }, "prev_state": &"player.locomotion.grounded", "active_steps": 0, "held_steps": 0, "constraint_applied_count": 0, "hold_constraint_applied_count": 0, "hold_request_after_exit_count": 0, "commit_count_max": 1, "min_direction_dot": 1.0, "outward_exit_projection": 0.0, "outward_exit_action": 0, "corner_trace": [], "jump_count": 0, "hold_request_seen": false, "grapple_held_at_exit": true, "valid_outward_hold_seen": false, "exited": false, "landed": false, "ever_wall_running": false, "ever_wall_sticking": false, "still_wall_running": false, "still_wall_sticking": false, "reached_mode": false, "exit_latency_steps": 0, "post_exit_state": &"", "end_along_wall_speed": 0.0, "entry_along_wall_speed": 0.0, "first_wall_run_speed": -1.0, "wall_normal": (0.0, 0.0, 0.0), "wall_run_direction": (0.0, 0.0, 0.0), "launch_velocity": (0.0, 0.0, 0.0), "pre_jump_along_wall_speed": 0.0, "jump_reference_outward_speed": 0.0, "state_at_jump": &"", "first_state_after_jump": &"", "exit_velocity": (0.0, 0.0, 0.0), "pre_exit_velocity": (0.0, 0.0, 0.0), "terminal_reason": 0, "terminal_count": 0, "duplicate_terminal_same": false, "wall_cleared_before_terminal_signal": false, "airborne_steering_available": false, "grapple_acquisition_available": false, "grapple_started_after_jump": false, "recovery_option_available": false, "recovery_action_worked": false, "lost_frame_seen_while_running": false, "lost_frame_seen_while_sticking": false, "valid_outward_entry_seen": false, "wall_constraint_on_exit": false, "hold_request_on_exit": false, "wall_contact_after_turn": false, "switched_frame_seen": false, "selected_switched_normal": (0.0, 0.0, 0.0), "level_restarted": false, "entry_was_missed": false, "exited_wall_early": false, "released_grapple": false }
[1-9-ramp] 120Hz -> { "transition_counts": { &"player.locomotion.grounded": 1 }, "prev_state": &"player.locomotion.grounded", "active_steps": 0, "held_steps": 0, "constraint_applied_count": 0, "hold_constraint_applied_count": 0, "hold_request_after_exit_count": 0, "commit_count_max": 1, "min_direction_dot": 1.0, "outward_exit_projection": 0.0, "outward_exit_action": 0, "corner_trace": [], "jump_count": 0, "hold_request_seen": false, "grapple_held_at_exit": true, "valid_outward_hold_seen": false, "exited": false, "landed": false, "ever_wall_running": false, "ever_wall_sticking": false, "still_wall_running": false, "still_wall_sticking": false, "reached_mode": false, "exit_latency_steps": 0, "post_exit_state": &"", "end_along_wall_speed": 0.0, "entry_along_wall_speed": 0.0, "first_wall_run_speed": -1.0, "wall_normal": (0.0, 0.0, 0.0), "wall_run_direction": (0.0, 0.0, 0.0), "launch_velocity": (0.0, 0.0, 0.0), "pre_jump_along_wall_speed": 0.0, "jump_reference_outward_speed": 0.0, "state_at_jump": &"", "first_state_after_jump": &"", "exit_velocity": (0.0, 0.0, 0.0), "pre_exit_velocity": (0.0, 0.0, 0.0), "terminal_reason": 0, "terminal_count": 0, "duplicate_terminal_same": false, "wall_cleared_before_terminal_signal": false, "airborne_steering_available": false, "grapple_acquisition_available": false, "grapple_started_after_jump": false, "recovery_option_available": false, "recovery_action_worked": false, "lost_frame_seen_while_running": false, "lost_frame_seen_while_sticking": false, "valid_outward_entry_seen": false, "wall_constraint_on_exit": false, "hold_request_on_exit": false, "wall_contact_after_turn": false, "switched_frame_seen": false, "selected_switched_normal": (0.0, 0.0, 0.0), "level_restarted": false, "entry_was_missed": false, "exited_wall_early": false, "released_grapple": false }
* test_wall_run_rejects_outward_entry_and_exits_on_outward_maintenance
* test_wall_loss_exits_wall_running_promptly_with_one_transition
[1-9-wall-loss] 60 Hz -> { "transition_counts": { &"player.locomotion.wall_run": 1, &"player.locomotion.airborne": 1 }, "prev_state": &"player.locomotion.airborne", "active_steps": 0, "held_steps": 0, "constraint_applied_count": 0, "hold_constraint_applied_count": 0, "hold_request_after_exit_count": 0, "commit_count_max": 1, "min_direction_dot": 1.0, "outward_exit_projection": 0.0, "outward_exit_action": 0, "corner_trace": [], "jump_count": 0, "hold_request_seen": false, "grapple_held_at_exit": true, "valid_outward_hold_seen": false, "exited": true, "landed": false, "ever_wall_running": true, "ever_wall_sticking": false, "still_wall_running": false, "still_wall_sticking": false, "reached_mode": false, "exit_latency_steps": 4, "post_exit_state": &"player.locomotion.airborne", "end_along_wall_speed": 0.0, "entry_along_wall_speed": 0.0, "first_wall_run_speed": -1.0, "wall_normal": (0.0, 0.0, 0.0), "wall_run_direction": (0.0, 0.0, 0.0), "launch_velocity": (0.0, 0.0, 0.0), "pre_jump_along_wall_speed": 0.0, "jump_reference_outward_speed": 0.0, "state_at_jump": &"", "first_state_after_jump": &"", "exit_velocity": (9.233333, 0.0, 0.0), "pre_exit_velocity": (9.233333, 0.0, 0.0), "terminal_reason": 0, "terminal_count": 0, "duplicate_terminal_same": false, "wall_cleared_before_terminal_signal": false, "airborne_steering_available": false, "grapple_acquisition_available": false, "grapple_started_after_jump": false, "recovery_option_available": false, "recovery_action_worked": false, "lost_frame_seen_while_running": false, "lost_frame_seen_while_sticking": false, "valid_outward_entry_seen": false, "wall_constraint_on_exit": false, "hold_request_on_exit": false, "wall_contact_after_turn": false, "switched_frame_seen": false, "selected_switched_normal": (0.0, 0.0, 0.0), "level_restarted": false, "entry_was_missed": false, "exited_wall_early": false, "released_grapple": false }
[1-9-wall-loss] 120 Hz -> { "transition_counts": { &"player.locomotion.wall_run": 1, &"player.locomotion.airborne": 1 }, "prev_state": &"player.locomotion.airborne", "active_steps": 0, "held_steps": 0, "constraint_applied_count": 0, "hold_constraint_applied_count": 0, "hold_request_after_exit_count": 0, "commit_count_max": 1, "min_direction_dot": 1.0, "outward_exit_projection": 0.0, "outward_exit_action": 0, "corner_trace": [], "jump_count": 0, "hold_request_seen": false, "grapple_held_at_exit": true, "valid_outward_hold_seen": false, "exited": true, "landed": false, "ever_wall_running": true, "ever_wall_sticking": false, "still_wall_running": false, "still_wall_sticking": false, "reached_mode": false, "exit_latency_steps": 4, "post_exit_state": &"player.locomotion.airborne", "end_along_wall_speed": 0.0, "entry_along_wall_speed": 0.0, "first_wall_run_speed": -1.0, "wall_normal": (0.0, 0.0, 0.0), "wall_run_direction": (0.0, 0.0, 0.0), "launch_velocity": (0.0, 0.0, 0.0), "pre_jump_along_wall_speed": 0.0, "jump_reference_outward_speed": 0.0, "state_at_jump": &"", "first_state_after_jump": &"", "exit_velocity": (9.216682, 0.0, 0.0), "pre_exit_velocity": (9.216682, 0.0, 0.0), "terminal_reason": 0, "terminal_count": 0, "duplicate_terminal_same": false, "wall_cleared_before_terminal_signal": false, "airborne_steering_available": false, "grapple_acquisition_available": false, "grapple_started_after_jump": false, "recovery_option_available": false, "recovery_action_worked": false, "lost_frame_seen_while_running": false, "lost_frame_seen_while_sticking": false, "valid_outward_entry_seen": false, "wall_constraint_on_exit": false, "hold_request_on_exit": false, "wall_contact_after_turn": false, "switched_frame_seen": false, "selected_switched_normal": (0.0, 0.0, 0.0), "level_restarted": false, "entry_was_missed": false, "exited_wall_early": false, "released_grapple": false }
* test_jump_on_the_first_lost_wall_frame_cannot_launch_from_stale_facts
* test_landing_from_a_wall_run_routes_exactly_one_landed_transition
[31m    [Failed] [0m
      at line 202
[31m    [Failed]:  [0m[0] expected to equal [1]:  landing dispatched more than once
      at line 203
[31m    [Failed]:  [0m[STRING_NAME(player.locomotion.airborne)] expected to equal [STRING_NAME(player.locomotion.grounded)]:  
      at line 204
[31m    [Failed]:  [0m[0.0] expected to be > than [1.0]:  no momentum remained before landing
      at line 205
[31m    [Failed]:  [0m[0.0] expected to be > than [1.0]:  landing erased along-wall momentum
      at line 206
[1-9-landing] { "transition_counts": { &"player.locomotion.wall_run": 3, &"player.locomotion.airborne": 3 }, "prev_state": &"player.locomotion.airborne", "active_steps": 0, "held_steps": 0, "constraint_applied_count": 0, "hold_constraint_applied_count": 0, "hold_request_after_exit_count": 0, "commit_count_max": 1, "min_direction_dot": 1.0, "outward_exit_projection": 0.0, "outward_exit_action": 0, "corner_trace": [], "jump_count": 0, "hold_request_seen": false, "grapple_held_at_exit": true, "valid_outward_hold_seen": false, "exited": false, "landed": false, "ever_wall_running": true, "ever_wall_sticking": false, "still_wall_running": false, "still_wall_sticking": false, "reached_mode": false, "exit_latency_steps": 0, "post_exit_state": &"player.locomotion.airborne", "end_along_wall_speed": 0.0, "entry_along_wall_speed": 0.0, "first_wall_run_speed": -1.0, "wall_normal": (0.0, 0.0, 0.0), "wall_run_direction": (0.0, 0.0, 0.0), "launch_velocity": (0.0, 0.0, 0.0), "pre_jump_along_wall_speed": 0.0, "jump_reference_outward_speed": 0.0, "state_at_jump": &"", "first_state_after_jump": &"", "exit_velocity": (0.0, 0.0, 0.0), "pre_exit_velocity": (0.0, 0.0, 0.0), "terminal_reason": 0, "terminal_count": 0, "duplicate_terminal_same": false, "wall_cleared_before_terminal_signal": false, "airborne_steering_available": false, "grapple_acquisition_available": false, "grapple_started_after_jump": false, "recovery_option_available": false, "recovery_action_worked": false, "lost_frame_seen_while_running": false, "lost_frame_seen_while_sticking": false, "valid_outward_entry_seen": false, "wall_constraint_on_exit": false, "hold_request_on_exit": false, "wall_contact_after_turn": false, "switched_frame_seen": false, "selected_switched_normal": (0.0, 0.0, 0.0), "level_restarted": false, "entry_was_missed": false, "exited_wall_early": false, "released_grapple": false }
* test_wall_jump_launches_once_and_leaves_an_ordinary_airborne_state
[1-9-wall-jump] 60 Hz -> { "transition_counts": { &"player.locomotion.wall_run": 1, &"player.locomotion.airborne": 1, &"player.locomotion.grappling": 1 }, "prev_state": &"player.locomotion.grappling", "active_steps": 0, "held_steps": 0, "constraint_applied_count": 0, "hold_constraint_applied_count": 0, "hold_request_after_exit_count": 0, "commit_count_max": 1, "min_direction_dot": 1.0, "outward_exit_projection": 0.0, "outward_exit_action": 0, "corner_trace": [], "jump_count": 1, "hold_request_seen": false, "grapple_held_at_exit": true, "valid_outward_hold_seen": false, "exited": false, "landed": false, "ever_wall_running": true, "ever_wall_sticking": false, "still_wall_running": false, "still_wall_sticking": false, "reached_mode": false, "exit_latency_steps": 0, "post_exit_state": &"player.locomotion.grappling", "end_along_wall_speed": 0.0, "entry_along_wall_speed": 0.0, "first_wall_run_speed": -1.0, "wall_normal": (0.0, 0.0, 0.0), "wall_run_direction": (0.0, 0.0, 0.0), "launch_velocity": (7.966667, 5.5, 8.0), "pre_jump_along_wall_speed": 7.96666669845581, "jump_reference_outward_speed": 0.5, "state_at_jump": &"player.locomotion.wall_run", "first_state_after_jump": &"player.locomotion.airborne", "exit_velocity": (0.0, 0.0, 0.0), "pre_exit_velocity": (0.0, 0.0, 0.0), "terminal_reason": 0, "terminal_count": 0, "duplicate_terminal_same": false, "wall_cleared_before_terminal_signal": false, "airborne_steering_available": true, "grapple_acquisition_available": true, "grapple_started_after_jump": true, "recovery_option_available": false, "recovery_action_worked": false, "lost_frame_seen_while_running": false, "lost_frame_seen_while_sticking": false, "valid_outward_entry_seen": false, "wall_constraint_on_exit": false, "hold_request_on_exit": false, "wall_contact_after_turn": false, "switched_frame_seen": false, "selected_switched_normal": (0.0, 0.0, 0.0), "level_restarted": false, "entry_was_missed": false, "exited_wall_early": false, "released_grapple": false }
[1-9-wall-jump] 120 Hz -> { "transition_counts": { &"player.locomotion.wall_run": 1, &"player.locomotion.airborne": 1, &"player.locomotion.grappling": 1 }, "prev_state": &"player.locomotion.grappling", "active_steps": 0, "held_steps": 0, "constraint_applied_count": 0, "hold_constraint_applied_count": 0, "hold_request_after_exit_count": 0, "commit_count_max": 1, "min_direction_dot": 1.0, "outward_exit_projection": 0.0, "outward_exit_action": 0, "corner_trace": [], "jump_count": 1, "hold_request_seen": false, "grapple_held_at_exit": true, "valid_outward_hold_seen": false, "exited": false, "landed": false, "ever_wall_running": true, "ever_wall_sticking": false, "still_wall_running": false, "still_wall_sticking": false, "reached_mode": false, "exit_latency_steps": 0, "post_exit_state": &"player.locomotion.grappling", "end_along_wall_speed": 0.0, "entry_along_wall_speed": 0.0, "first_wall_run_speed": -1.0, "wall_normal": (0.0, 0.0, 0.0), "wall_run_direction": (0.0, 0.0, 0.0), "launch_velocity": (7.983333, 5.5, 8.0), "pre_jump_along_wall_speed": 7.98333311080933, "jump_reference_outward_speed": 0.5, "state_at_jump": &"player.locomotion.wall_run", "first_state_after_jump": &"player.locomotion.airborne", "exit_velocity": (0.0, 0.0, 0.0), "pre_exit_velocity": (0.0, 0.0, 0.0), "terminal_reason": 0, "terminal_count": 0, "duplicate_terminal_same": false, "wall_cleared_before_terminal_signal": false, "airborne_steering_available": true, "grapple_acquisition_available": true, "grapple_started_after_jump": true, "recovery_option_available": false, "recovery_action_worked": false, "lost_frame_seen_while_running": false, "lost_frame_seen_while_sticking": false, "valid_outward_entry_seen": false, "wall_constraint_on_exit": false, "hold_request_on_exit": false, "wall_contact_after_turn": false, "switched_frame_seen": false, "selected_switched_normal": (0.0, 0.0, 0.0), "level_restarted": false, "entry_was_missed": false, "exited_wall_early": false, "released_grapple": false }
* test_grapple_start_from_a_wall_run_transitions_once_without_a_stale_wall
[1-9-grapple-from-run] { "transition_counts": { &"player.locomotion.wall_run": 1, &"player.locomotion.grappling": 1 }, "prev_state": &"player.locomotion.grappling", "active_steps": 0, "held_steps": 0, "constraint_applied_count": 0, "hold_constraint_applied_count": 0, "hold_request_after_exit_count": 0, "commit_count_max": 1, "min_direction_dot": 1.0, "outward_exit_projection": 0.0, "outward_exit_action": 0, "corner_trace": [], "jump_count": 0, "hold_request_seen": false, "grapple_held_at_exit": true, "valid_outward_hold_seen": false, "exited": false, "landed": false, "ever_wall_running": true, "ever_wall_sticking": false, "still_wall_running": false, "still_wall_sticking": false, "reached_mode": false, "exit_latency_steps": 0, "post_exit_state": &"player.locomotion.grappling", "end_along_wall_speed": 0.0, "entry_along_wall_speed": 0.0, "first_wall_run_speed": -1.0, "wall_normal": (0.0, 0.0, 0.0), "wall_run_direction": (0.0, 0.0, 0.0), "launch_velocity": (0.0, 0.0, 0.0), "pre_jump_along_wall_speed": 0.0, "jump_reference_outward_speed": 0.0, "state_at_jump": &"", "first_state_after_jump": &"", "exit_velocity": (0.0, 0.0, 0.0), "pre_exit_velocity": (0.0, 0.0, 0.0), "terminal_reason": 0, "terminal_count": 0, "duplicate_terminal_same": false, "wall_cleared_before_terminal_signal": false, "airborne_steering_available": false, "grapple_acquisition_available": false, "grapple_started_after_jump": false, "recovery_option_available": false, "recovery_action_worked": false, "lost_frame_seen_while_running": false, "lost_frame_seen_while_sticking": false, "valid_outward_entry_seen": false, "wall_constraint_on_exit": false, "hold_request_on_exit": false, "wall_contact_after_turn": false, "switched_frame_seen": false, "selected_switched_normal": (0.0, 0.0, 0.0), "level_restarted": false, "entry_was_missed": false, "exited_wall_early": false, "released_grapple": false }
* test_low_speed_grapple_assisted_stick_keeps_zero_baseline_hold_and_release_at_both_rates
[wall-stick-upper-low-speed] initial 0.0 m/s @ 60 Hz -> entry=(0.752792, -0.670842, -0.179865) horizontal=0.77398097515106 total=1.02424359321594 baseline=(0.0, 0.0, 0.0) holds=18 stick_entries=1 release_entries=1 commits=1
[wall-stick-upper-low-speed] initial 1.5 m/s @ 60 Hz -> entry=(2.252792, -0.670842, -0.179865) horizontal=2.25996065139771 total=2.35742449760437 baseline=(0.0, 0.0, 0.0) holds=18 stick_entries=1 release_entries=1 commits=1
[wall-stick-upper-low-speed] initial 0.0 m/s @ 120 Hz -> entry=(0.376278, -0.335555, -0.089903) horizontal=0.3868687748909 total=0.51211798191071 baseline=(0.0, 0.0, 0.0) holds=18 stick_entries=1 release_entries=1 commits=1
[wall-stick-upper-low-speed] initial 1.5 m/s @ 120 Hz -> entry=(1.876278, -0.335555, -0.089903) horizontal=1.87843024730682 total=1.90816605091095 baseline=(0.0, 0.0, 0.0) holds=18 stick_entries=1 release_entries=1 commits=1
* test_wall_stick_holds_through_the_motor_constraint_and_exits_on_release
[1-9-stick-release] { "transition_counts": { &"player.locomotion.grappling": 1, &"player.locomotion.wall_stick": 1, &"player.locomotion.airborne": 1 }, "prev_state": &"player.locomotion.airborne", "active_steps": 0, "held_steps": 18, "constraint_applied_count": 0, "hold_constraint_applied_count": 18, "hold_request_after_exit_count": 0, "commit_count_max": 1, "min_direction_dot": 1.0, "outward_exit_projection": 0.0, "outward_exit_action": 0, "corner_trace": [], "jump_count": 0, "hold_request_seen": true, "grapple_held_at_exit": true, "valid_outward_hold_seen": false, "exited": true, "landed": false, "ever_wall_running": false, "ever_wall_sticking": true, "still_wall_running": false, "still_wall_sticking": false, "reached_mode": false, "exit_latency_steps": 1, "post_exit_state": &"player.locomotion.airborne", "end_along_wall_speed": 0.0, "entry_along_wall_speed": 0.0, "first_wall_run_speed": -1.0, "wall_normal": (0.0, 0.0, 1.0), "wall_run_direction": (0.0, 0.0, 0.0), "launch_velocity": (0.0, 0.0, 0.0), "pre_jump_along_wall_speed": 0.0, "jump_reference_outward_speed": 0.0, "state_at_jump": &"", "first_state_after_jump": &"", "exit_velocity": (0.0, 0.0, 0.0), "pre_exit_velocity": (0.0, 0.0, 0.0), "terminal_reason": 1, "terminal_count": 1, "duplicate_terminal_same": true, "wall_cleared_before_terminal_signal": true, "airborne_steering_available": false, "grapple_acquisition_available": false, "grapple_started_after_jump": false, "recovery_option_available": false, "recovery_action_worked": false, "lost_frame_seen_while_running": false, "lost_frame_seen_while_sticking": false, "valid_outward_entry_seen": false, "wall_constraint_on_exit": false, "hold_request_on_exit": false, "wall_contact_after_turn": false, "switched_frame_seen": false, "selected_switched_normal": (0.0, 0.0, 0.0), "level_restarted": false, "entry_was_missed": false, "exited_wall_early": false, "released_grapple": false, "first_hold_initial_velocity": (0.0, 0.0, 0.0), "maximum_hold_speed": 0.0, "maximum_hold_position_drift": 0.0, "maximum_latch_position_drift": 0.0, "entry_velocity": (6.686125, -0.670842, -0.179865), "entry_run_gate_open": true, "entry_speed_gate_open": true, "entry_speed_reason": &"pass" }
* test_wall_stick_lost_wall_exits_once_and_keeps_termination_idempotent
[1-9-stick-loss] { "transition_counts": { &"player.locomotion.grappling": 1, &"player.locomotion.wall_stick": 1, &"player.locomotion.airborne": 1 }, "prev_state": &"player.locomotion.airborne", "active_steps": 0, "held_steps": 18, "constraint_applied_count": 0, "hold_constraint_applied_count": 18, "hold_request_after_exit_count": 0, "commit_count_max": 1, "min_direction_dot": 1.0, "outward_exit_projection": 0.0, "outward_exit_action": 0, "corner_trace": [], "jump_count": 0, "hold_request_seen": true, "grapple_held_at_exit": true, "valid_outward_hold_seen": false, "exited": true, "landed": false, "ever_wall_running": false, "ever_wall_sticking": true, "still_wall_running": false, "still_wall_sticking": false, "reached_mode": false, "exit_latency_steps": 1, "post_exit_state": &"player.locomotion.airborne", "end_along_wall_speed": 0.0, "entry_along_wall_speed": 0.0, "first_wall_run_speed": -1.0, "wall_normal": (0.0, 0.0, 1.0), "wall_run_direction": (0.0, 0.0, 0.0), "launch_velocity": (0.0, 0.0, 0.0), "pre_jump_along_wall_speed": 0.0, "jump_reference_outward_speed": 0.0, "state_at_jump": &"", "first_state_after_jump": &"", "exit_velocity": (0.0, 0.0, 0.0), "pre_exit_velocity": (0.0, 0.0, 0.0), "terminal_reason": 4, "terminal_count": 1, "duplicate_terminal_same": true, "wall_cleared_before_terminal_signal": true, "airborne_steering_available": false, "grapple_acquisition_available": false, "grapple_started_after_jump": false, "recovery_option_available": false, "recovery_action_worked": false, "lost_frame_seen_while_running": false, "lost_frame_seen_while_sticking": false, "valid_outward_entry_seen": false, "wall_constraint_on_exit": false, "hold_request_on_exit": false, "wall_contact_after_turn": false, "switched_frame_seen": false, "selected_switched_normal": (0.0, 0.0, 0.0), "level_restarted": false, "entry_was_missed": false, "exited_wall_early": false, "released_grapple": false, "first_hold_initial_velocity": (0.0, 0.0, 0.0), "maximum_hold_speed": 0.0, "maximum_hold_position_drift": 0.0, "maximum_latch_position_drift": 0.0, "entry_velocity": (6.686125, -0.670842, -0.179865), "entry_run_gate_open": true, "entry_speed_gate_open": true, "entry_speed_reason": &"pass" }
* test_wall_stick_rejects_outward_entry_and_cancels_an_outward_hold_once
* test_wall_stick_cannot_jump_after_the_required_wall_is_lost
* test_wall_stick_keeps_a_real_wall_while_the_camera_turns_away
* test_wall_stick_exits_instead_of_using_a_switched_walls_old_normal
* test_wall_stick_jump_uses_only_authored_up_and_horizontal_away_motion
[1-9-stick-jump] { "transition_counts": { &"player.locomotion.grappling": 1, &"player.locomotion.wall_stick": 1, &"player.locomotion.airborne": 1 }, "prev_state": &"player.locomotion.airborne", "active_steps": 0, "held_steps": 18, "constraint_applied_count": 0, "hold_constraint_applied_count": 18, "hold_request_after_exit_count": 0, "commit_count_max": 1, "min_direction_dot": 1.0, "outward_exit_projection": 0.0, "outward_exit_action": 0, "corner_trace": [], "jump_count": 1, "hold_request_seen": true, "grapple_held_at_exit": true, "valid_outward_hold_seen": false, "exited": true, "landed": false, "ever_wall_running": false, "ever_wall_sticking": true, "still_wall_running": false, "still_wall_sticking": false, "reached_mode": false, "exit_latency_steps": 1, "post_exit_state": &"player.locomotion.airborne", "end_along_wall_speed": 0.0, "entry_along_wall_speed": 0.0, "first_wall_run_speed": -1.0, "wall_normal": (0.0, 0.0, 1.0), "wall_run_direction": (0.0, 0.0, 0.0), "launch_velocity": (0.0, 0.0, 0.0), "pre_jump_along_wall_speed": 0.0, "jump_reference_outward_speed": 0.5, "state_at_jump": &"", "first_state_after_jump": &"", "exit_velocity": (0.0, 5.5, 8.0), "pre_exit_velocity": (0.0, 0.0, 0.0), "terminal_reason": 4, "terminal_count": 1, "duplicate_terminal_same": true, "wall_cleared_before_terminal_signal": true, "airborne_steering_available": false, "grapple_acquisition_available": false, "grapple_started_after_jump": false, "recovery_option_available": false, "recovery_action_worked": false, "lost_frame_seen_while_running": false, "lost_frame_seen_while_sticking": false, "valid_outward_entry_seen": false, "wall_constraint_on_exit": false, "hold_request_on_exit": false, "wall_contact_after_turn": false, "switched_frame_seen": false, "selected_switched_normal": (0.0, 0.0, 0.0), "level_restarted": false, "entry_was_missed": false, "exited_wall_early": false, "released_grapple": false, "first_hold_initial_velocity": (0.0, 0.0, 0.0), "maximum_hold_speed": 0.0, "maximum_hold_position_drift": 0.0, "maximum_latch_position_drift": 0.0, "entry_velocity": (6.686125, -0.670842, -0.179865), "entry_run_gate_open": true, "entry_speed_gate_open": true, "entry_speed_reason": &"pass" }
* test_wall_stick_attachment_invalidation_ends_the_hold_with_a_typed_reason
[1-9-stick-invalidate] { "transition_counts": { &"player.locomotion.grappling": 1, &"player.locomotion.wall_stick": 1, &"player.locomotion.airborne": 1 }, "prev_state": &"player.locomotion.airborne", "active_steps": 0, "held_steps": 18, "constraint_applied_count": 0, "hold_constraint_applied_count": 18, "hold_request_after_exit_count": 0, "commit_count_max": 1, "min_direction_dot": 1.0, "outward_exit_projection": 0.0, "outward_exit_action": 0, "corner_trace": [], "jump_count": 0, "hold_request_seen": true, "grapple_held_at_exit": true, "valid_outward_hold_seen": false, "exited": true, "landed": false, "ever_wall_running": false, "ever_wall_sticking": true, "still_wall_running": false, "still_wall_sticking": false, "reached_mode": false, "exit_latency_steps": 1, "post_exit_state": &"player.locomotion.airborne", "end_along_wall_speed": 0.0, "entry_along_wall_speed": 0.0, "first_wall_run_speed": -1.0, "wall_normal": (0.0, 0.0, 1.0), "wall_run_direction": (0.0, 0.0, 0.0), "launch_velocity": (0.0, 0.0, 0.0), "pre_jump_along_wall_speed": 0.0, "jump_reference_outward_speed": 0.0, "state_at_jump": &"", "first_state_after_jump": &"", "exit_velocity": (0.0, 0.0, 0.0), "pre_exit_velocity": (0.0, 0.0, 0.0), "terminal_reason": 6, "terminal_count": 1, "duplicate_terminal_same": true, "wall_cleared_before_terminal_signal": true, "airborne_steering_available": false, "grapple_acquisition_available": false, "grapple_started_after_jump": false, "recovery_option_available": false, "recovery_action_worked": false, "lost_frame_seen_while_running": false, "lost_frame_seen_while_sticking": false, "valid_outward_entry_seen": false, "wall_constraint_on_exit": false, "hold_request_on_exit": false, "wall_contact_after_turn": false, "switched_frame_seen": false, "selected_switched_normal": (0.0, 0.0, 0.0), "level_restarted": false, "entry_was_missed": false, "exited_wall_early": false, "released_grapple": false, "first_hold_initial_velocity": (0.0, 0.0, 0.0), "maximum_hold_speed": 0.0, "maximum_hold_position_drift": 0.0, "maximum_latch_position_drift": 0.0, "entry_velocity": (6.686125, -0.670842, -0.179865), "entry_run_gate_open": true, "entry_speed_gate_open": true, "entry_speed_reason": &"pass" }
* test_death_during_wall_run_and_wall_stick_cleans_up_exactly_once
[1-9-death] wall_run -> { "transition_counts": { &"player.locomotion.dead": 1 }, "prev_state": &"player.locomotion.dead", "active_steps": 0, "held_steps": 0, "constraint_applied_count": 0, "hold_constraint_applied_count": 0, "hold_request_after_exit_count": 0, "commit_count_max": 1, "min_direction_dot": 1.0, "outward_exit_projection": 0.0, "outward_exit_action": 0, "corner_trace": [], "jump_count": 0, "hold_request_seen": false, "grapple_held_at_exit": true, "valid_outward_hold_seen": false, "exited": false, "landed": false, "ever_wall_running": true, "ever_wall_sticking": false, "still_wall_running": false, "still_wall_sticking": false, "reached_mode": true, "exit_latency_steps": 0, "post_exit_state": &"player.locomotion.dead", "end_along_wall_speed": 0.0, "entry_along_wall_speed": 0.0, "first_wall_run_speed": -1.0, "wall_normal": (0.0, 0.0, 0.0), "wall_run_direction": (0.0, 0.0, 0.0), "launch_velocity": (0.0, 0.0, 0.0), "pre_jump_along_wall_speed": 0.0, "jump_reference_outward_speed": 0.0, "state_at_jump": &"", "first_state_after_jump": &"", "exit_velocity": (0.0, 0.0, 0.0), "pre_exit_velocity": (0.0, 0.0, 0.0), "terminal_reason": 0, "terminal_count": 0, "duplicate_terminal_same": false, "wall_cleared_before_terminal_signal": false, "airborne_steering_available": false, "grapple_acquisition_available": false, "grapple_started_after_jump": false, "recovery_option_available": false, "recovery_action_worked": false, "lost_frame_seen_while_running": false, "lost_frame_seen_while_sticking": false, "valid_outward_entry_seen": false, "wall_constraint_on_exit": false, "hold_request_on_exit": false, "wall_contact_after_turn": false, "switched_frame_seen": false, "selected_switched_normal": (0.0, 0.0, 0.0), "level_restarted": false, "entry_was_missed": false, "exited_wall_early": false, "released_grapple": false }
[1-9-death] wall_stick -> { "transition_counts": { &"player.locomotion.grappling": 1, &"player.locomotion.dead": 1 }, "prev_state": &"player.locomotion.dead", "active_steps": 0, "held_steps": 0, "constraint_applied_count": 0, "hold_constraint_applied_count": 0, "hold_request_after_exit_count": 0, "commit_count_max": 1, "min_direction_dot": 1.0, "outward_exit_projection": 0.0, "outward_exit_action": 0, "corner_trace": [], "jump_count": 0, "hold_request_seen": false, "grapple_held_at_exit": true, "valid_outward_hold_seen": false, "exited": false, "landed": false, "ever_wall_running": false, "ever_wall_sticking": true, "still_wall_running": false, "still_wall_sticking": false, "reached_mode": true, "exit_latency_steps": 0, "post_exit_state": &"player.locomotion.dead", "end_along_wall_speed": 0.0, "entry_along_wall_speed": 0.0, "first_wall_run_speed": -1.0, "wall_normal": (0.0, 0.0, 0.0), "wall_run_direction": (0.0, 0.0, 0.0), "launch_velocity": (0.0, 0.0, 0.0), "pre_jump_along_wall_speed": 0.0, "jump_reference_outward_speed": 0.0, "state_at_jump": &"", "first_state_after_jump": &"", "exit_velocity": (0.0, 0.0, 0.0), "pre_exit_velocity": (0.0, 0.0, 0.0), "terminal_reason": 3, "terminal_count": 1, "duplicate_terminal_same": false, "wall_cleared_before_terminal_signal": false, "airborne_steering_available": false, "grapple_acquisition_available": false, "grapple_started_after_jump": false, "recovery_option_available": false, "recovery_action_worked": false, "lost_frame_seen_while_running": false, "lost_frame_seen_while_sticking": false, "valid_outward_entry_seen": false, "wall_constraint_on_exit": false, "hold_request_on_exit": false, "wall_contact_after_turn": false, "switched_frame_seen": false, "selected_switched_normal": (0.0, 0.0, 0.0), "level_restarted": false, "entry_was_missed": false, "exited_wall_early": false, "released_grapple": false }
* test_ordinary_mistakes_keep_a_recovery_option_available
[1-9-recovery] missed_entry -> { "transition_counts": { &"player.locomotion.wall_run": 1, &"player.locomotion.airborne": 1 }, "prev_state": &"player.locomotion.airborne", "active_steps": 0, "held_steps": 0, "constraint_applied_count": 0, "hold_constraint_applied_count": 0, "hold_request_after_exit_count": 0, "commit_count_max": 1, "min_direction_dot": 1.0, "outward_exit_projection": 0.0, "outward_exit_action": 0, "corner_trace": [], "jump_count": 0, "hold_request_seen": false, "grapple_held_at_exit": true, "valid_outward_hold_seen": false, "exited": false, "landed": false, "ever_wall_running": true, "ever_wall_sticking": false, "still_wall_running": false, "still_wall_sticking": false, "reached_mode": false, "exit_latency_steps": 0, "post_exit_state": &"", "end_along_wall_speed": 0.0, "entry_along_wall_speed": 0.0, "first_wall_run_speed": -1.0, "wall_normal": (0.0, 0.0, 0.0), "wall_run_direction": (0.0, 0.0, 0.0), "launch_velocity": (0.0, 0.0, 0.0), "pre_jump_along_wall_speed": 0.0, "jump_reference_outward_speed": 0.0, "state_at_jump": &"", "first_state_after_jump": &"", "exit_velocity": (0.0, 0.0, 0.0), "pre_exit_velocity": (0.0, 0.0, 0.0), "terminal_reason": 0, "terminal_count": 0, "duplicate_terminal_same": false, "wall_cleared_before_terminal_signal": false, "airborne_steering_available": false, "grapple_acquisition_available": false, "grapple_started_after_jump": false, "recovery_option_available": true, "recovery_action_worked": true, "lost_frame_seen_while_running": false, "lost_frame_seen_while_sticking": false, "valid_outward_entry_seen": false, "wall_constraint_on_exit": false, "hold_request_on_exit": false, "wall_contact_after_turn": false, "switched_frame_seen": false, "selected_switched_normal": (0.0, 0.0, 0.0), "level_restarted": false, "entry_was_missed": true, "exited_wall_early": false, "released_grapple": false }
[1-9-recovery] early_exit -> { "transition_counts": { &"player.locomotion.wall_run": 1, &"player.locomotion.airborne": 1, &"player.locomotion.grounded": 1 }, "prev_state": &"player.locomotion.grounded", "active_steps": 0, "held_steps": 0, "constraint_applied_count": 0, "hold_constraint_applied_count": 0, "hold_request_after_exit_count": 0, "commit_count_max": 1, "min_direction_dot": 1.0, "outward_exit_projection": 0.0, "outward_exit_action": 0, "corner_trace": [], "jump_count": 0, "hold_request_seen": false, "grapple_held_at_exit": true, "valid_outward_hold_seen": false, "exited": false, "landed": false, "ever_wall_running": true, "ever_wall_sticking": false, "still_wall_running": false, "still_wall_sticking": false, "reached_mode": false, "exit_latency_steps": 0, "post_exit_state": &"", "end_along_wall_speed": 0.0, "entry_along_wall_speed": 0.0, "first_wall_run_speed": -1.0, "wall_normal": (0.0, 0.0, 0.0), "wall_run_direction": (0.0, 0.0, 0.0), "launch_velocity": (0.0, 0.0, 0.0), "pre_jump_along_wall_speed": 0.0, "jump_reference_outward_speed": 0.0, "state_at_jump": &"", "first_state_after_jump": &"", "exit_velocity": (7.966667, -0.163333, 0.0), "pre_exit_velocity": (7.966667, -0.163333, 0.0), "terminal_reason": 0, "terminal_count": 0, "duplicate_terminal_same": false, "wall_cleared_before_terminal_signal": false, "airborne_steering_available": false, "grapple_acquisition_available": false, "grapple_started_after_jump": false, "recovery_option_available": true, "recovery_action_worked": true, "lost_frame_seen_while_running": false, "lost_frame_seen_while_sticking": false, "valid_outward_entry_seen": false, "wall_constraint_on_exit": false, "hold_request_on_exit": false, "wall_contact_after_turn": false, "switched_frame_seen": false, "selected_switched_normal": (0.0, 0.0, 0.0), "level_restarted": false, "entry_was_missed": false, "exited_wall_early": true, "released_grapple": false }
[1-9-recovery] short_release -> { "transition_counts": { &"player.locomotion.grappling": 1, &"player.locomotion.wall_stick": 1, &"player.locomotion.airborne": 1, &"player.locomotion.grounded": 1 }, "prev_state": &"player.locomotion.grounded", "active_steps": 0, "held_steps": 0, "constraint_applied_count": 0, "hold_constraint_applied_count": 0, "hold_request_after_exit_count": 0, "commit_count_max": 1, "min_direction_dot": 1.0, "outward_exit_projection": 0.0, "outward_exit_action": 0, "corner_trace": [], "jump_count": 0, "hold_request_seen": false, "grapple_held_at_exit": true, "valid_outward_hold_seen": false, "exited": false, "landed": false, "ever_wall_running": false, "ever_wall_sticking": true, "still_wall_running": false, "still_wall_sticking": false, "reached_mode": false, "exit_latency_steps": 0, "post_exit_state": &"", "end_along_wall_speed": 0.0, "entry_along_wall_speed": 0.0, "first_wall_run_speed": -1.0, "wall_normal": (0.0, 0.0, 0.0), "wall_run_direction": (0.0, 0.0, 0.0), "launch_velocity": (0.0, 0.0, 0.0), "pre_jump_along_wall_speed": 0.0, "jump_reference_outward_speed": 0.0, "state_at_jump": &"", "first_state_after_jump": &"", "exit_velocity": (0.0, 0.0, 0.0), "pre_exit_velocity": (0.0, 0.0, 0.0), "terminal_reason": 0, "terminal_count": 0, "duplicate_terminal_same": false, "wall_cleared_before_terminal_signal": false, "airborne_steering_available": false, "grapple_acquisition_available": false, "grapple_started_after_jump": false, "recovery_option_available": true, "recovery_action_worked": true, "lost_frame_seen_while_running": false, "lost_frame_seen_while_sticking": false, "valid_outward_entry_seen": false, "wall_constraint_on_exit": false, "hold_request_on_exit": false, "wall_contact_after_turn": false, "switched_frame_seen": false, "selected_switched_normal": (0.0, 0.0, 0.0), "level_restarted": false, "entry_was_missed": false, "exited_wall_early": false, "released_grapple": true }
[1-9-recovery] imperfect_wall_jump -> { "transition_counts": { &"player.locomotion.wall_run": 1, &"player.locomotion.airborne": 1 }, "prev_state": &"player.locomotion.airborne", "active_steps": 0, "held_steps": 0, "constraint_applied_count": 0, "hold_constraint_applied_count": 0, "hold_request_after_exit_count": 0, "commit_count_max": 1, "min_direction_dot": 1.0, "outward_exit_projection": 0.0, "outward_exit_action": 0, "corner_trace": [], "jump_count": 1, "hold_request_seen": false, "grapple_held_at_exit": true, "valid_outward_hold_seen": false, "exited": false, "landed": false, "ever_wall_running": true, "ever_wall_sticking": false, "still_wall_running": false, "still_wall_sticking": false, "reached_mode": false, "exit_latency_steps": 0, "post_exit_state": &"", "end_along_wall_speed": 0.0, "entry_along_wall_speed": 0.0, "first_wall_run_speed": -1.0, "wall_normal": (0.0, 0.0, 0.0), "wall_run_direction": (0.0, 0.0, 0.0), "launch_velocity": (0.0, 0.0, 0.0), "pre_jump_along_wall_speed": 0.0, "jump_reference_outward_speed": 0.0, "state_at_jump": &"", "first_state_after_jump": &"", "exit_velocity": (0.0, 0.0, 0.0), "pre_exit_velocity": (0.0, 0.0, 0.0), "terminal_reason": 0, "terminal_count": 0, "duplicate_terminal_same": false, "wall_cleared_before_terminal_signal": false, "airborne_steering_available": false, "grapple_acquisition_available": false, "grapple_started_after_jump": false, "recovery_option_available": true, "recovery_action_worked": true, "lost_frame_seen_while_running": false, "lost_frame_seen_while_sticking": false, "valid_outward_entry_seen": false, "wall_constraint_on_exit": false, "hold_request_on_exit": false, "wall_contact_after_turn": false, "switched_frame_seen": false, "selected_switched_normal": (0.0, 0.0, 0.0), "level_restarted": false, "entry_was_missed": false, "exited_wall_early": false, "released_grapple": false }
[1m19/21 passed.
[0m[4m

res://tests/player/motor/test_player_motor.gd
[0m* test_initialization_is_typed_and_fails_closed
ERROR: GameLog player.motor.missing_body (step=-1 locomotion= source= reason=not_initialized kind=-1)
   at: push_error (core/variant/variant_utility.cpp:1023)
   GDScript backtrace (most recent call first):
       [0] record_invariant (res://game/app/logging/game_log.gd:28)
       [1] _record_rejection (res://game/player/motor/player_motor.gd:1549)
       [2] initialize (res://game/player/motor/player_motor.gd:155)
       [3] test_initialization_is_typed_and_fails_closed (res://tests/player/motor/test_player_motor.gd:6)
       [4] _run_test (res://addons/gut/gut.gd:622)
       [5] _test_the_scripts (res://addons/gut/gut.gd:835)
[34m[ExpectedError][0mExpected push_error error containing 'player.motor.missing_body'.  
ERROR: GameLog player.motor.wrong_body (step=-1 locomotion= source= reason=invalid_request kind=-1)
   at: push_error (core/variant/variant_utility.cpp:1023)
   GDScript backtrace (most recent call first):
       [0] record_invariant (res://game/app/logging/game_log.gd:28)
       [1] _record_rejection (res://game/player/motor/player_motor.gd:1549)
       [2] initialize (res://game/player/motor/player_motor.gd:164)
       [3] test_initialization_is_typed_and_fails_closed (res://tests/player/motor/test_player_motor.gd:13)
       [4] _run_test (res://addons/gut/gut.gd:622)
       [5] _test_the_scripts (res://addons/gut/gut.gd:835)
[34m[ExpectedError][0mExpected push_error error containing 'player.motor.wrong_body'.  
ERROR: GameLog player.motor.body_not_in_tree (step=-1 locomotion= source= reason=invalid_body kind=-1)
   at: push_error (core/variant/variant_utility.cpp:1023)
   GDScript backtrace (most recent call first):
       [0] record_invariant (res://game/app/logging/game_log.gd:28)
       [1] _record_rejection (res://game/player/motor/player_motor.gd:1549)
       [2] initialize (res://game/player/motor/player_motor.gd:174)
       [3] test_initialization_is_typed_and_fails_closed (res://tests/player/motor/test_player_motor.gd:20)
       [4] _run_test (res://addons/gut/gut.gd:622)
       [5] _test_the_scripts (res://addons/gut/gut.gd:835)
[34m[ExpectedError][0mExpected push_error error containing 'player.motor.body_not_in_tree'.  
ERROR: GameLog player.motor.already_initialized (step=-1 locomotion= source= reason=invalid_request kind=-1)
   at: push_error (core/variant/variant_utility.cpp:1023)
   GDScript backtrace (most recent call first):
       [0] record_invariant (res://game/app/logging/game_log.gd:28)
       [1] _record_rejection (res://game/player/motor/player_motor.gd:1549)
       [2] initialize (res://game/player/motor/player_motor.gd:146)
       [3] test_initialization_is_typed_and_fails_closed (res://tests/player/motor/test_player_motor.gd:33)
       [4] _run_test (res://addons/gut/gut.gd:622)
       [5] _test_the_scripts (res://addons/gut/gut.gd:835)
[34m[ExpectedError][0mExpected push_error error containing 'player.motor.already_initialized'.  
* test_begin_snapshots_body_state_and_delta_without_moving
* test_typed_submissions_resolve_in_canonical_order_and_commit_once
* test_duplicate_begin_and_commit_cannot_move_body_again
ERROR: GameLog player.motor.duplicate_active_frame (step=3 locomotion= source= reason=duplicate_step kind=-1)
   at: push_error (core/variant/variant_utility.cpp:1023)
   GDScript backtrace (most recent call first):
       [0] record_invariant (res://game/app/logging/game_log.gd:28)
       [1] _record_rejection (res://game/player/motor/player_motor.gd:1549)
       [2] begin_motion_frame (res://game/player/motor/player_motor.gd:298)
       [3] test_duplicate_begin_and_commit_cannot_move_body_again (res://tests/player/motor/test_player_motor.gd:102)
       [4] _run_test (res://addons/gut/gut.gd:622)
       [5] _test_the_scripts (res://addons/gut/gut.gd:835)
[34m[ExpectedError][0mExpected push_error error containing 'player.motor.duplicate_active_frame'.  
ERROR: GameLog player.motor.duplicate_commit (step=3 locomotion=player.locomotion.airborne source= 
reason=duplicate_commit kind=-1)
   at: push_error (core/variant/variant_utility.cpp:1023)
   GDScript backtrace (most recent call first):
       [0] record_invariant (res://game/app/logging/game_log.gd:28)
       [1] _record_rejection (res://game/player/motor/player_motor.gd:1549)
       [2] _reject_result (res://game/player/motor/player_motor.gd:1455)
       [3] resolve_and_commit (res://game/player/motor/player_motor.gd:760)
       [4] test_duplicate_begin_and_commit_cannot_move_body_again (res://tests/player/motor/test_player_motor.gd:112)
       [5] _run_test (res://addons/gut/gut.gd:622)
       [6] _test_the_scripts (res://addons/gut/gut.gd:835)
[34m[ExpectedError][0mExpected push_error error containing 'player.motor.duplicate_commit'.  
* test_structural_policy_conflict_aborts_without_body_mutation
ERROR: GameLog player.motor.exclusive_policy_conflict (step=6 locomotion= source= reason=exclusive_policy_conflict 
kind=-1)
   at: push_error (core/variant/variant_utility.cpp:1023)
   GDScript backtrace (most recent call first):
       [0] record_invariant (res://game/app/logging/game_log.gd:28)
       [1] _record_rejection (res://game/player/motor/player_motor.gd:1549)
       [2] _reject_result (res://game/player/motor/player_motor.gd:1455)
       [3] resolve_and_commit (res://game/player/motor/player_motor.gd:776)
       [4] test_structural_policy_conflict_aborts_without_body_mutation 
(res://tests/player/motor/test_player_motor.gd:137)
       [5] _run_test (res://addons/gut/gut.gd:622)
       [6] _test_the_scripts (res://addons/gut/gut.gd:835)
[34m[ExpectedError][0mExpected push_error error containing 'player.motor.exclusive_policy_conflict'.  
* test_invalid_values_duplicate_sources_and_occurrences_fail_closed
ERROR: GameLog player.motor.no_active_motion_frame (step=-1 locomotion= source=player.gravity.default 
reason=no_active_frame kind=3)
   at: push_error (core/variant/variant_utility.cpp:1023)
   GDScript backtrace (most recent call first):
       [0] record_invariant (res://game/app/logging/game_log.gd:28)
       [1] _record_rejection (res://game/player/motor/player_motor.gd:1549)
       [2] _reject_submission (res://game/player/motor/player_motor.gd:1483)
       [3] _submit_submission (res://game/player/motor/player_motor.gd:514)
       [4] submit_gravity (res://game/player/motor/player_motor.gd:388)
       [5] test_invalid_values_duplicate_sources_and_occurrences_fail_closed 
(res://tests/player/motor/test_player_motor.gd:152)
       [6] _run_test (res://addons/gut/gut.gd:622)
       [7] _test_the_scripts (res://addons/gut/gut.gd:835)
[34m[ExpectedError][0mExpected push_error error containing 'player.motor.no_active_motion_frame'.  
ERROR: GameLog player.motor.stale_physics_step (step=0 locomotion=player.gravity.stale source=player.gravity.stale 
reason=stale_step kind=3)
   at: push_error (core/variant/variant_utility.cpp:1023)
   GDScript backtrace (most recent call first):
       [0] record_invariant (res://game/app/logging/game_log.gd:28)
       [1] _record_rejection (res://game/player/motor/player_motor.gd:1549)
       [2] _reject_submission (res://game/player/motor/player_motor.gd:1483)
       [3] _submit_submission (res://game/player/motor/player_motor.gd:539)
       [4] test_invalid_values_duplicate_sources_and_occurrences_fail_closed 
(res://tests/player/motor/test_player_motor.gd:158)
       [5] _run_test (res://addons/gut/gut.gd:622)
       [6] _test_the_scripts (res://addons/gut/gut.gd:835)
[34m[ExpectedError][0mExpected push_error error containing 'player.motor.stale_physics_step'.  
ERROR: GameLog player.motor.non_finite_value (step=1 locomotion=player.gravity.invalid source=player.gravity.invalid 
reason=non_finite_value kind=3)
   at: push_error (core/variant/variant_utility.cpp:1023)
   GDScript backtrace (most recent call first):
       [0] record_invariant (res://game/app/logging/game_log.gd:28)
       [1] _record_rejection (res://game/player/motor/player_motor.gd:1549)
       [2] _reject_submission (res://game/player/motor/player_motor.gd:1483)
       [3] _submit_submission (res://game/player/motor/player_motor.gd:640)
       [4] submit_gravity (res://game/player/motor/player_motor.gd:388)
       [5] test_invalid_values_duplicate_sources_and_occurrences_fail_closed 
(res://tests/player/motor/test_player_motor.gd:160)
       [6] _run_test (res://addons/gut/gut.gd:622)
       [7] _test_the_scripts (res://addons/gut/gut.gd:835)
[34m[ExpectedError][0mExpected push_error error containing 'player.motor.non_finite_value'.  
ERROR: GameLog player.motor.empty_source_id (step=1 locomotion= source= reason=empty_source_id kind=4)
   at: push_error (core/variant/variant_utility.cpp:1023)
   GDScript backtrace (most recent call first):
       [0] record_invariant (res://game/app/logging/game_log.gd:28)
       [1] _record_rejection (res://game/player/motor/player_motor.gd:1549)
       [2] _reject_submission (res://game/player/motor/player_motor.gd:1483)
       [3] _submit_submission (res://game/player/motor/player_motor.gd:558)
       [4] submit_sustained_acceleration (res://game/player/motor/player_motor.gd:397)
       [5] test_invalid_values_duplicate_sources_and_occurrences_fail_closed 
(res://tests/player/motor/test_player_motor.gd:165)
       [6] _run_test (res://addons/gut/gut.gd:622)
       [7] _test_the_scripts (res://addons/gut/gut.gd:835)
[34m[ExpectedError][0mExpected push_error error containing 'player.motor.empty_source_id'.  
ERROR: GameLog player.motor.duplicate_source (step=1 locomotion=player.base.duplicate source=player.base.duplicate 
reason=duplicate_source kind=2)
   at: push_error (core/variant/variant_utility.cpp:1023)
   GDScript backtrace (most recent call first):
       [0] record_invariant (res://game/app/logging/game_log.gd:28)
       [1] _record_rejection (res://game/player/motor/player_motor.gd:1549)
       [2] _reject_submission (res://game/player/motor/player_motor.gd:1483)
       [3] _submit_submission (res://game/player/motor/player_motor.gd:675)
       [4] submit_base_motion (res://game/player/motor/player_motor.gd:375)
       [5] test_invalid_values_duplicate_sources_and_occurrences_fail_closed 
(res://tests/player/motor/test_player_motor.gd:174)
       [6] _run_test (res://addons/gut/gut.gd:622)
       [7] _test_the_scripts (res://addons/gut/gut.gd:835)
[34m[ExpectedError][0mExpected push_error error containing 'player.motor.duplicate_source'.  
ERROR: GameLog player.motor.duplicate_occurrence (step=1 locomotion=player.jump.ground source=player.jump.ground 
reason=duplicate_occurrence kind=5)
   at: push_error (core/variant/variant_utility.cpp:1023)
   GDScript backtrace (most recent call first):
       [0] record_invariant (res://game/app/logging/game_log.gd:28)
       [1] _record_rejection (res://game/player/motor/player_motor.gd:1549)
       [2] _reject_submission (res://game/player/motor/player_motor.gd:1483)
       [3] _submit_submission (res://game/player/motor/player_motor.gd:666)
       [4] submit_one_shot_impulse (res://game/player/motor/player_motor.gd:411)
       [5] test_invalid_values_duplicate_sources_and_occurrences_fail_closed 
(res://tests/player/motor/test_player_motor.gd:188)
       [6] _run_test (res://addons/gut/gut.gd:622)
       [7] _test_the_scripts (res://addons/gut/gut.gd:835)
[34m[ExpectedError][0mExpected push_error error containing 'player.motor.duplicate_occurrence'.  
* test_typed_submission_contract_rejects_mismatched_kinds_scopes_sources_and_vectors
ERROR: GameLog player.motor.illegal_phase_or_kind (step=1 locomotion=player.cap.invalid source=player.cap.invalid 
reason=illegal_phase_or_kind kind=8)
   at: push_error (core/variant/variant_utility.cpp:1023)
   GDScript backtrace (most recent call first):
       [0] record_invariant (res://game/app/logging/game_log.gd:28)
       [1] _record_rejection (res://game/player/motor/player_motor.gd:1549)
       [2] _reject_submission (res://game/player/motor/player_motor.gd:1483)
       [3] _submit_submission (res://game/player/motor/player_motor.gd:548)
       [4] test_typed_submission_contract_rejects_mismatched_kinds_scopes_sources_and_vectors 
(res://tests/player/motor/test_player_motor.gd:220)
       [5] _run_test (res://addons/gut/gut.gd:622)
       [6] _test_the_scripts (res://addons/gut/gut.gd:835)
[34m[ExpectedError][0mExpected push_error error containing 'player.motor.illegal_phase_or_kind'.  
ERROR: GameLog player.motor.unstable_source_id (step=1 locomotion=player source=player reason=unstable_source_id 
kind=4)
   at: push_error (core/variant/variant_utility.cpp:1023)
   GDScript backtrace (most recent call first):
       [0] record_invariant (res://game/app/logging/game_log.gd:28)
       [1] _record_rejection (res://game/player/motor/player_motor.gd:1549)
       [2] _reject_submission (res://game/player/motor/player_motor.gd:1483)
       [3] _submit_submission (res://game/player/motor/player_motor.gd:558)
       [4] submit_sustained_acceleration (res://game/player/motor/player_motor.gd:397)
       [5] test_typed_submission_contract_rejects_mismatched_kinds_scopes_sources_and_vectors 
(res://tests/player/motor/test_player_motor.gd:226)
       [6] _run_test (res://addons/gut/gut.gd:622)
       [7] _test_the_scripts (res://addons/gut/gut.gd:835)
[34m[ExpectedError][0mExpected push_error error containing 'player.motor.unstable_source_id'.  
ERROR: GameLog player.motor.unstable_source_id (step=1 locomotion=Player.invalid source=Player.invalid 
reason=unstable_source_id kind=4)
   at: push_error (core/variant/variant_utility.cpp:1023)
   GDScript backtrace (most recent call first):
       [0] record_invariant (res://game/app/logging/game_log.gd:28)
       [1] _record_rejection (res://game/player/motor/player_motor.gd:1549)
       [2] _reject_submission (res://game/player/motor/player_motor.gd:1483)
       [3] _submit_submission (res://game/player/motor/player_motor.gd:558)
       [4] submit_sustained_acceleration (res://game/player/motor/player_motor.gd:397)
       [5] test_typed_submission_contract_rejects_mismatched_kinds_scopes_sources_and_vectors 
(res://tests/player/motor/test_player_motor.gd:231)
       [6] _run_test (res://addons/gut/gut.gd:622)
       [7] _test_the_scripts (res://addons/gut/gut.gd:835)
[34m[ExpectedError][0mExpected push_error error containing 'player.motor.unstable_source_id'.  
ERROR: GameLog player.motor.unsupported_cap_scope (step=1 locomotion=player.cap.horizontal 
source=player.cap.horizontal reason=unsupported_cap_scope kind=8)
   at: push_error (core/variant/variant_utility.cpp:1023)
   GDScript backtrace (most recent call first):
       [0] record_invariant (res://game/app/logging/game_log.gd:28)
       [1] _record_rejection (res://game/player/motor/player_motor.gd:1549)
       [2] _reject_submission (res://game/player/motor/player_motor.gd:1483)
       [3] _submit_submission (res://game/player/motor/player_motor.gd:601)
       [4] submit_total_speed_cap (res://game/player/motor/player_motor.gd:464)
       [5] test_typed_submission_contract_rejects_mismatched_kinds_scopes_sources_and_vectors 
(res://tests/player/motor/test_player_motor.gd:236)
       [6] _run_test (res://addons/gut/gut.gd:622)
       [7] _test_the_scripts (res://addons/gut/gut.gd:835)
[34m[ExpectedError][0mExpected push_error error containing 'player.motor.unsupported_cap_scope'.  
ERROR: GameLog player.motor.invalid_wall_constraint (step=1 locomotion=player.wall_run.invalid 
source=player.wall_run.invalid reason=invalid_wall_constraint kind=6)
   at: push_error (core/variant/variant_utility.cpp:1023)
   GDScript backtrace (most recent call first):
       [0] record_invariant (res://game/app/logging/game_log.gd:28)
       [1] _record_rejection (res://game/player/motor/player_motor.gd:1549)
       [2] _reject_submission (res://game/player/motor/player_motor.gd:1483)
       [3] _submit_submission (res://game/player/motor/player_motor.gd:652)
       [4] submit_wall_run_constraint (res://game/player/motor/player_motor.gd:426)
       [5] test_typed_submission_contract_rejects_mismatched_kinds_scopes_sources_and_vectors 
(res://tests/player/motor/test_player_motor.gd:245)
       [6] _run_test (res://addons/gut/gut.gd:622)
       [7] _test_the_scripts (res://addons/gut/gut.gd:835)
[34m[ExpectedError][0mExpected push_error error containing 'player.motor.invalid_wall_constraint'.  
* test_submission_failure_classification_preserves_valid_frames
* test_duplicate_is_reported_before_current_step_capacity_overflow
ERROR: GameLog player.motor.duplicate_source (step=1 locomotion=player.test.influence_0 source=player.test.influence_0 
reason=duplicate_source kind=4)
[34m[ExpectedError][0mExpected push_error error containing 'player.motor.duplicate_source'.  
[34m[ExpectedError][0mExpected push_error error containing 'player.motor.submission_overflow'.  
* test_wall_constraint_redirects_relative_velocity_before_outward_removal
* test_maximum_anchor_distance_kind_is_typed_ordered_and_exclusive
[34m[ExpectedError][0mExpected push_error error containing 'player.motor.invalid_maximum_distance'.  
[34m[ExpectedError][0mExpected push_error error containing 'player.motor.non_finite_value'.  
[34m[ExpectedError][0mExpected push_error error containing 'player.motor.duplicate_source'.  
   at: push_error (core/variant/variant_utility.cpp:1023)
   GDScript backtrace (most recent call first):
       [0] record_invariant (res://game/app/logging/game_log.gd:28)
       [1] _record_rejection (res://game/player/motor/player_motor.gd:1549)
       [2] _reject_submission (res://game/player/motor/player_motor.gd:1483)
       [3] _submit_submission (res://game/player/motor/player_motor.gd:675)
       [4] submit_sustained_acceleration (res://game/player/motor/player_motor.gd:397)
       [5] test_duplicate_is_reported_before_current_step_capacity_overflow 
(res://tests/player/motor/test_player_motor.gd:313)
       [6] _run_test (res://addons/gut/gut.gd:622)
       [7] _test_the_scripts (res://addons/gut/gut.gd:835)
ERROR: GameLog player.motor.submission_overflow (step=1 locomotion=player.test.influence_overflow 
source=player.test.influence_overflow reason=overflow kind=4)
   at: push_error (core/variant/variant_utility.cpp:1023)
   GDScript backtrace (most recent call first):
       [0] record_invariant (res://game/app/logging/game_log.gd:28)
       [1] _record_rejection (res://game/player/motor/player_motor.gd:1549)
       [2] _reject_submission (res://game/player/motor/player_motor.gd:1483)
       [3] _submit_submission (res://game/player/motor/player_motor.gd:684)
       [4] submit_sustained_acceleration (res://game/player/motor/player_motor.gd:397)
       [5] test_duplicate_is_reported_before_current_step_capacity_overflow 
(res://tests/player/motor/test_player_motor.gd:318)
       [6] _run_test (res://addons/gut/gut.gd:622)
       [7] _test_the_scripts (res://addons/gut/gut.gd:835)
ERROR: GameLog player.motor.invalid_maximum_distance (step=40 locomotion=player.grapple.maximum_distance 
source=player.grapple.maximum_distance reason=invalid_request kind=9)
   at: push_error (core/variant/variant_utility.cpp:1023)
   GDScript backtrace (most recent call first):
       [0] record_invariant (res://game/app/logging/game_log.gd:28)
       [1] _record_rejection (res://game/player/motor/player_motor.gd:1549)
       [2] _reject_submission (res://game/player/motor/player_motor.gd:1483)
       [3] _submit_submission (res://game/player/motor/player_motor.gd:620)
       [4] submit_maximum_anchor_distance (res://game/player/motor/player_motor.gd:482)
       [5] test_maximum_anchor_distance_kind_is_typed_ordered_and_exclusive 
(res://tests/player/motor/test_player_motor.gd:382)
       [6] _run_test (res://addons/gut/gut.gd:622)
       [7] _test_the_scripts (res://addons/gut/gut.gd:835)
ERROR: GameLog player.motor.non_finite_value (step=40 locomotion=player.grapple.maximum_distance 
source=player.grapple.maximum_distance reason=non_finite_value kind=9)
   at: push_error (core/variant/variant_utility.cpp:1023)
   GDScript backtrace (most recent call first):
       [0] record_invariant (res://game/app/logging/game_log.gd:28)
       [1] _record_rejection (res://game/player/motor/player_motor.gd:1549)
       [2] _reject_submission (res://game/player/motor/player_motor.gd:1483)
       [3] _submit_submission (res://game/player/motor/player_motor.gd:640)
       [4] submit_maximum_anchor_distance (res://game/player/motor/player_motor.gd:482)
       [5] test_maximum_anchor_distance_kind_is_typed_ordered_and_exclusive 
(res://tests/player/motor/test_player_motor.gd:387)
       [6] _run_test (res://addons/gut/gut.gd:622)
       [7] _test_the_scripts (res://addons/gut/gut.gd:835)
ERROR: GameLog player.motor.duplicate_source (step=40 locomotion=player.grapple.maximum_distance 
source=player.grapple.maximum_distance reason=duplicate_source kind=9)
   at: push_error (core/variant/variant_utility.cpp:1023)
   GDScript backtrace (most recent call first):
       [0] record_invariant (res://game/app/logging/game_log.gd:28)
       [1] _record_rejection (res://game/player/motor/player_motor.gd:1549)
       [2] _reject_submission (res://game/player/motor/player_motor.gd:1483)
       [3] _submit_submission (res://game/player/motor/player_motor.gd:675)
       [4] submit_maximum_anchor_distance (res://game/player/motor/player_motor.gd:482)
       [5] test_maximum_anchor_distance_kind_is_typed_ordered_and_exclusive 
(res://tests/player/motor/test_player_motor.gd:400)
       [6] _run_test (res://addons/gut/gut.gd:622)
       [7] _test_the_scripts (res://addons/gut/gut.gd:835)
ERROR: GameLog player.motor.exclusive_policy_conflict (step=41 locomotion= source= reason=exclusive_policy_conflict 
kind=-1)
   at: push_error (core/variant/variant_utility.cpp:1023)
   GDScript backtrace (most recent call first):
       [0] record_invariant (res://game/app/logging/game_log.gd:28)
       [1] _record_rejection (res://game/player/motor/player_motor.gd:1549)
       [2] _reject_result (res://game/player/motor/player_motor.gd:1455)
       [3] resolve_and_commit (res://game/player/motor/player_motor.gd:776)
       [4] test_maximum_anchor_distance_kind_is_typed_ordered_and_exclusive 
(res://tests/player/motor/test_player_motor.gd:441)
       [5] _run_test (res://addons/gut/gut.gd:622)
       [6] _test_the_scripts (res://addons/gut/gut.gd:835)
ERROR: GameLog player.motor.missing_required_policy (step=4 locomotion= source= reason=missing_required_policy kind=-1)
[34m[ExpectedError][0mExpected push_error error containing 'player.motor.exclusive_policy_conflict'.  
* test_missing_policy_and_non_monotonic_frames_fail_closed
[34m[ExpectedError][0mExpected push_error error containing 'player.motor.missing_required_policy'.  
[34m[ExpectedError][0mExpected push_error error containing 'player.motor.non_monotonic_step'.  
[34m[ExpectedError][0mExpected push_error error containing 'player.motor.duplicate_step'.  
* test_wall_stick_hold_is_motor_owned_and_exclusive
   at: push_error (core/variant/variant_utility.cpp:1023)
   GDScript backtrace (most recent call first):
       [0] record_invariant (res://game/app/logging/game_log.gd:28)
       [1] _record_rejection (res://game/player/motor/player_motor.gd:1549)
       [2] _reject_result (res://game/player/motor/player_motor.gd:1455)
       [3] resolve_and_commit (res://game/player/motor/player_motor.gd:776)
       [4] test_missing_policy_and_non_monotonic_frames_fail_closed (res://tests/player/motor/test_player_motor.gd:455)
       [5] _run_test (res://addons/gut/gut.gd:622)
       [6] _test_the_scripts (res://addons/gut/gut.gd:835)
ERROR: GameLog player.motor.non_monotonic_step (step=3 locomotion= source= reason=non_monotonic_step kind=-1)
   at: push_error (core/variant/variant_utility.cpp:1023)
   GDScript backtrace (most recent call first):
       [0] record_invariant (res://game/app/logging/game_log.gd:28)
       [1] _record_rejection (res://game/player/motor/player_motor.gd:1549)
       [2] begin_motion_frame (res://game/player/motor/player_motor.gd:314)
       [3] test_missing_policy_and_non_monotonic_frames_fail_closed (res://tests/player/motor/test_player_motor.gd:463)
       [4] _run_test (res://addons/gut/gut.gd:622)
       [5] _test_the_scripts (res://addons/gut/gut.gd:835)
ERROR: GameLog player.motor.duplicate_step (step=4 locomotion= source= reason=duplicate_step kind=-1)
   at: push_error (core/variant/variant_utility.cpp:1023)
   GDScript backtrace (most recent call first):
       [0] record_invariant (res://game/app/logging/game_log.gd:28)
       [1] _record_rejection (res://game/player/motor/player_motor.gd:1549)
       [2] begin_motion_frame (res://game/player/motor/player_motor.gd:322)
       [3] test_missing_policy_and_non_monotonic_frames_fail_closed (res://tests/player/motor/test_player_motor.gd:465)
       [4] _run_test (res://addons/gut/gut.gd:622)
       [5] _test_the_scripts (res://addons/gut/gut.gd:835)
* test_wall_stick_entry_arms_a_motor_owned_zero_velocity_baseline
* test_exclusive_hold_refuses_incompatible_tether_range_without_snapping
* test_hold_motion_payload_rejects_nonfinite_values
ERROR: GameLog player.motor.non_finite_value (step=1 locomotion=player.wall_stick.invalid_position 
source=player.wall_stick.invalid_position reason=non_finite_value kind=7)
   at: push_error (core/variant/variant_utility.cpp:1023)
   GDScript backtrace (most recent call first):
       [0] record_invariant (res://game/app/logging/game_log.gd:28)
       [1] _record_rejection (res://game/player/motor/player_motor.gd:1549)
       [2] _reject_submission (res://game/player/motor/player_motor.gd:1483)
       [3] _submit_submission (res://game/player/motor/player_motor.gd:640)
       [4] submit_wall_stick_hold (res://game/player/motor/player_motor.gd:445)
       [5] test_hold_motion_payload_rejects_nonfinite_values (res://tests/player/motor/test_player_motor.gd:538)
       [6] _run_test (res://addons/gut/gut.gd:622)
       [7] _test_the_scripts (res://addons/gut/gut.gd:835)
       [8] _run_test (res://addons/gut/gut.gd:650)
       [9] test_wall_stick_hold_is_motor_owned_and_exclusive (res://tests/player/motor/test_player_motor.gd:497)
[34m[ExpectedError][0mExpected push_error error containing 'player.motor.non_finite_value'.  
ERROR: GameLog player.motor.non_finite_value (step=1 locomotion=player.wall_stick.invalid_tolerance 
source=player.wall_stick.invalid_tolerance reason=non_finite_value kind=7)
   at: push_error (core/variant/variant_utility.cpp:1023)
   GDScript backtrace (most recent call first):
       [0] record_invariant (res://game/app/logging/game_log.gd:28)
       [1] _record_rejection (res://game/player/motor/player_motor.gd:1549)
       [2] _reject_submission (res://game/player/motor/player_motor.gd:1483)
       [3] _submit_submission (res://game/player/motor/player_motor.gd:640)
       [4] submit_wall_stick_hold (res://game/player/motor/player_motor.gd:445)
       [5] test_hold_motion_payload_rejects_nonfinite_values (res://tests/player/motor/test_player_motor.gd:542)
       [6] _run_test (res://addons/gut/gut.gd:622)
       [7] _test_the_scripts (res://addons/gut/gut.gd:835)
       [8] _run_test (res://addons/gut/gut.gd:650)
       [9] test_wall_stick_hold_is_motor_owned_and_exclusive (res://tests/player/motor/test_player_motor.gd:497)
[34m[ExpectedError][0mExpected push_error error containing 'player.motor.non_finite_value'.  
* test_collision_priority_is_bounded_and_prefers_wall_normals_deterministically
* test_invalid_body_lifecycle_fails_closed_without_body_operations
ERROR: GameLog player.motor.begin_invalid_body (step=1 locomotion= source= reason=invalid_body kind=-1)
   at: push_error (core/variant/variant_utility.cpp:1023)
   GDScript backtrace (most recent call first):
       [0] record_invariant (res://game/app/logging/game_log.gd:28)
       [1] _record_rejection (res://game/player/motor/player_motor.gd:1549)
       [2] begin_motion_frame (res://game/player/motor/player_motor.gd:262)
       [3] test_invalid_body_lifecycle_fails_closed_without_body_operations 
(res://tests/player/motor/test_player_motor.gd:576)
       [4] _run_test (res://addons/gut/gut.gd:622)
       [5] _test_the_scripts (res://addons/gut/gut.gd:835)
       [6] _run_test (res://addons/gut/gut.gd:650)
       [7] test_wall_stick_hold_is_motor_owned_and_exclusive (res://tests/player/motor/test_player_motor.gd:497)
[34m[ExpectedError][0mExpected push_error error containing 'player.motor.begin_invalid_body'.  
ERROR: GameLog player.motor.begin_invalid_body (step=1 locomotion= source= reason=invalid_body kind=-1)
   at: push_error (core/variant/variant_utility.cpp:1023)
   GDScript backtrace (most recent call first):
       [0] record_invariant (res://game/app/logging/game_log.gd:28)
       [1] _record_rejection (res://game/player/motor/player_motor.gd:1549)
       [2] begin_motion_frame (res://game/player/motor/player_motor.gd:262)
       [3] test_invalid_body_lifecycle_fails_closed_without_body_operations 
(res://tests/player/motor/test_player_motor.gd:587)
       [4] _run_test (res://addons/gut/gut.gd:622)
       [5] _test_the_scripts (res://addons/gut/gut.gd:835)
       [6] _run_test (res://addons/gut/gut.gd:650)
       [7] test_wall_stick_hold_is_motor_owned_and_exclusive (res://tests/player/motor/test_player_motor.gd:497)
[34m[ExpectedError][0mExpected push_error error containing 'player.motor.begin_invalid_body'.  
ERROR: GameLog player.motor.commit_invalid_body (step=-1 locomotion= source= reason=invalid_body kind=-1)
   at: push_error (core/variant/variant_utility.cpp:1023)
   GDScript backtrace (most recent call first):
       [0] record_invariant (res://game/app/logging/game_log.gd:28)
       [1] _record_rejection (res://game/player/motor/player_motor.gd:1549)
       [2] _reject_result (res://game/player/motor/player_motor.gd:1455)
       [3] resolve_and_commit (res://game/player/motor/player_motor.gd:748)
       [4] test_invalid_body_lifecycle_fails_closed_without_body_operations 
(res://tests/player/motor/test_player_motor.gd:590)
       [5] _run_test (res://addons/gut/gut.gd:622)
       [6] _test_the_scripts (res://addons/gut/gut.gd:835)
       [7] _run_test (res://addons/gut/gut.gd:650)
       [8] test_wall_stick_hold_is_motor_owned_and_exclusive (res://tests/player/motor/test_player_motor.gd:497)
[34m[ExpectedError][0mExpected push_error error containing 'player.motor.commit_invalid_body'.  
* test_diagnostic_snapshot_is_opt_in_and_copies_bounded_facts
* test_maximum_anchor_distance_out_ranks_wall_run_constraints
[1m20/20 passed.
[0m[4m

res://tests/player/motor/test_player_motor_integration.gd
[0m* test_real_character_body_fixture_accepts_one_commit_for_each_traversal_state_id
* test_real_character_body_fixture_returns_bounded_slide_collisions_without_second_commit
ERROR: GameLog player.motor.duplicate_commit (step=1 locomotion=player.airborne source= reason=duplicate_commit 
kind=-1)
   at: push_error (core/variant/variant_utility.cpp:1023)
   GDScript backtrace (most recent call first):
       [0] record_invariant (res://game/app/logging/game_log.gd:28)
       [1] _record_rejection (res://game/player/motor/player_motor.gd:1549)
       [2] _reject_result (res://game/player/motor/player_motor.gd:1455)
       [3] resolve_and_commit (res://game/player/motor/player_motor.gd:760)
       [4] test_real_character_body_fixture_returns_bounded_slide_collisions_without_second_commit 
(res://tests/player/motor/test_player_motor_integration.gd:65)
       [5] _run_test (res://addons/gut/gut.gd:622)
       [6] _test_the_scripts (res://addons/gut/gut.gd:835)
       [7] _run_test (res://addons/gut/gut.gd:650)
       [8] test_wall_stick_hold_is_motor_owned_and_exclusive (res://tests/player/motor/test_player_motor.gd:497)
[34m[ExpectedError][0mExpected push_error error containing 'player.motor.duplicate_commit'.  
* test_real_player_scene_commits_once_per_controller_physics_step
* test_real_player_scene_commits_once_per_real_physics_tick
* test_real_player_scene_aborts_an_accepted_request_when_begin_is_rejected
ERROR: GameLog player.motor.duplicate_active_frame (step=1 locomotion= source= reason=duplicate_step kind=-1)
   at: push_error (core/variant/variant_utility.cpp:1023)
   GDScript backtrace (most recent call first):
       [0] record_invariant (res://game/app/logging/game_log.gd:28)
       [1] _record_rejection (res://game/player/motor/player_motor.gd:1549)
       [2] begin_motion_frame (res://game/player/motor/player_motor.gd:298)
       [3] _physics_process (res://scripts/player_controller.gd:360)
       [4] test_real_player_scene_aborts_an_accepted_request_when_begin_is_rejected 
(res://tests/player/motor/test_player_motor_integration.gd:138)
       [5] _run_test (res://addons/gut/gut.gd:622)
       [6] _test_the_scripts (res://addons/gut/gut.gd:835)
[34m[ExpectedError][0mExpected push_error error containing 'player.motor.duplicate_active_frame'.  
* test_real_player_scene_preserves_ground_commit_and_jump_launch
* test_real_player_scene_routes_dead_state_once
* test_real_player_scene_routes_wall_run_and_wall_jump_once
* test_real_player_scene_routes_wall_stick_hold_and_release_once
* test_real_player_scene_clears_grapple_before_landing_transition
* test_player_surface_keeps_motion_commit_inside_motor
* test_authored_tuning_contexts_remain_distinct_and_tutorial_reset_stays_out_of_band
[31m    [Failed]:  [0m[50.00000000000000000000] expected to equal [20.0] +/- [0.000001]:  
      at line 376
[31m    [Failed]:  [0m[0.00000000000000000000] expected to equal [1.0] +/- [0.000001]:  
      at line 377
[31m    [Failed] [0m
      at line 383
* test_zero_input_deceleration_selects_grapple_tuning_without_changing_other_states
[1m12/13 passed.
[0m[4m

res://tests/player/motor/test_player_motor_semantic_contract.gd
[0m* test_semantic_phase_order_and_typed_resolution_are_observable
* test_same_step_sources_fold_deterministically_and_jump_occurrence_is_idempotent
ERROR: GameLog player.motor.duplicate_occurrence (step=1 locomotion=player.jump.ground source=player.jump.ground 
reason=duplicate_occurrence kind=5)
   at: push_error (core/variant/variant_utility.cpp:1023)
   GDScript backtrace (most recent call first):
       [0] record_invariant (res://game/app/logging/game_log.gd:28)
       [1] _record_rejection (res://game/player/motor/player_motor.gd:1549)
       [2] _reject_submission (res://game/player/motor/player_motor.gd:1483)
       [3] _submit_submission (res://game/player/motor/player_motor.gd:666)
       [4] submit_one_shot_impulse (res://game/player/motor/player_motor.gd:411)
       [5] test_same_step_sources_fold_deterministically_and_jump_occurrence_is_idempotent 
(res://tests/player/motor/test_player_motor_semantic_contract.gd:107)
       [6] _run_test (res://addons/gut/gut.gd:622)
       [7] _test_the_scripts (res://addons/gut/gut.gd:835)
[34m[ExpectedError][0mExpected push_error error containing 'player.motor.duplicate_occurrence'.  
* test_same_scope_caps_choose_the_strictest_limit_for_any_submission_order
* test_invalid_contributions_are_isolated_but_structural_conflicts_fail_closed
ERROR: GameLog player.motor.non_finite_value (step=1 locomotion=player.gravity.invalid source=player.gravity.invalid 
reason=non_finite_value kind=3)
   at: push_error (core/variant/variant_utility.cpp:1023)
   GDScript backtrace (most recent call first):
       [0] record_invariant (res://game/app/logging/game_log.gd:28)
       [1] _record_rejection (res://game/player/motor/player_motor.gd:1549)
       [2] _reject_submission (res://game/player/motor/player_motor.gd:1483)
       [3] _submit_submission (res://game/player/motor/player_motor.gd:640)
       [4] submit_gravity (res://game/player/motor/player_motor.gd:388)
       [5] test_invalid_contributions_are_isolated_but_structural_conflicts_fail_closed 
(res://tests/player/motor/test_player_motor_semantic_contract.gd:154)
       [6] _run_test (res://addons/gut/gut.gd:622)
       [7] _test_the_scripts (res://addons/gut/gut.gd:835)
[34m[ExpectedError][0mExpected push_error error containing 'player.motor.non_finite_value'.  
ERROR: GameLog player.motor.empty_source_id (step=1 locomotion= source= reason=empty_source_id kind=4)
   at: push_error (core/variant/variant_utility.cpp:1023)
   GDScript backtrace (most recent call first):
       [0] record_invariant (res://game/app/logging/game_log.gd:28)
       [1] _record_rejection (res://game/player/motor/player_motor.gd:1549)
       [2] _reject_submission (res://game/player/motor/player_motor.gd:1483)
       [3] _submit_submission (res://game/player/motor/player_motor.gd:558)
       [4] submit_sustained_acceleration (res://game/player/motor/player_motor.gd:397)
       [5] test_invalid_contributions_are_isolated_but_structural_conflicts_fail_closed 
(res://tests/player/motor/test_player_motor_semantic_contract.gd:159)
       [6] _run_test (res://addons/gut/gut.gd:622)
       [7] _test_the_scripts (res://addons/gut/gut.gd:835)
[34m[ExpectedError][0mExpected push_error error containing 'player.motor.empty_source_id'.  
ERROR: GameLog player.motor.duplicate_occurrence (step=1 locomotion=player.jump.ground source=player.jump.ground 
reason=duplicate_occurrence kind=5)
   at: push_error (core/variant/variant_utility.cpp:1023)
   GDScript backtrace (most recent call first):
       [0] record_invariant (res://game/app/logging/game_log.gd:28)
       [1] _record_rejection (res://game/player/motor/player_motor.gd:1549)
       [2] _reject_submission (res://game/player/motor/player_motor.gd:1483)
       [3] _submit_submission (res://game/player/motor/player_motor.gd:666)
       [4] submit_one_shot_impulse (res://game/player/motor/player_motor.gd:411)
       [5] test_invalid_contributions_are_isolated_but_structural_conflicts_fail_closed 
(res://tests/player/motor/test_player_motor_semantic_contract.gd:172)
       [6] _run_test (res://addons/gut/gut.gd:622)
       [7] _test_the_scripts (res://addons/gut/gut.gd:835)
[34m[ExpectedError][0mExpected push_error error containing 'player.motor.duplicate_occurrence'.  
ERROR: GameLog player.motor.exclusive_policy_conflict (step=1 locomotion= source= reason=exclusive_policy_conflict 
kind=-1)
   at: push_error (core/variant/variant_utility.cpp:1023)
   GDScript backtrace (most recent call first):
       [0] record_invariant (res://game/app/logging/game_log.gd:28)
       [1] _record_rejection (res://game/player/motor/player_motor.gd:1549)
       [2] _reject_result (res://game/player/motor/player_motor.gd:1455)
       [3] resolve_and_commit (res://game/player/motor/player_motor.gd:776)
       [4] test_invalid_contributions_are_isolated_but_structural_conflicts_fail_closed 
(res://tests/player/motor/test_player_motor_semantic_contract.gd:183)
       [5] _run_test (res://addons/gut/gut.gd:622)
       [6] _test_the_scripts (res://addons/gut/gut.gd:835)
[34m[ExpectedError][0mExpected push_error error containing 'player.motor.exclusive_policy_conflict'.  
* test_begin_next_step_clears_per_step_facts_and_rejects_stale_submissions
ERROR: GameLog player.motor.no_active_motion_frame (step=2 locomotion= source=player.gravity.stale 
reason=no_active_frame kind=3)
   at: push_error (core/variant/variant_utility.cpp:1023)
   GDScript backtrace (most recent call first):
       [0] record_invariant (res://game/app/logging/game_log.gd:28)
       [1] _record_rejection (res://game/player/motor/player_motor.gd:1549)
       [2] _reject_submission (res://game/player/motor/player_motor.gd:1483)
       [3] _submit_submission (res://game/player/motor/player_motor.gd:514)
       [4] submit_gravity (res://game/player/motor/player_motor.gd:388)
       [5] test_begin_next_step_clears_per_step_facts_and_rejects_stale_submissions 
(res://tests/player/motor/test_player_motor_semantic_contract.gd:211)
       [6] _run_test (res://addons/gut/gut.gd:622)
       [7] _test_the_scripts (res://addons/gut/gut.gd:835)
[34m[ExpectedError][0mExpected push_error error containing 'player.motor.no_active_motion_frame'.  
* test_rate_resolution_matches_between_sixty_and_one_twenty_hz
* test_authored_deceleration_step_scales_with_physics_delta
* test_sustained_rate_sequence_matches_between_sixty_and_one_twenty_hz
[1m8/8 passed.
[0m



[33m==============================================
[0m[33m= Run Summary
[0m[33m==============================================
[0m[4m
res://tests/levels/test_traversal_validation_route.gd
[0m- test_jump_into_real_zip_pull_reaches_the_next_upper_deck
[31m    [Failed]:  [0mzip + release must land on upper deck @ 60 Hz; x=38.064037322998 y=-2.99910402297974 max_x=38.064037322998 min_y=-2.99910402297974
          at line 221
[31m    [Failed]:  [0mzip + release must land on upper deck @ 120 Hz; x=40.4305038452148 y=-2.99911737442017 max_x=40.4305038452148 min_y=-2.99911737442017
          at line 221
- test_real_oblique_wall_run_stick_and_jump_reach_the_physical_finish
[31m    [Failed]:  [0mwall challenge @ 60 Hz: ran=true stuck=true jump=true finish=false position=(64.65971, -2.99907, 9.070261) jump_at=(55.18281, 0.032202, 0.127835) jump_v=(-1.389186, 5.5, 7.878462) landing_cross=(56.04286, -2.99907, 10.29956) max_z=10.3740711212158 trace=[&"player.locomotion.airborne", &"player.locomotion.grounded", &"player.locomotion.airborne", &"player.locomotion.grounded", &"player.locomotion.airborne", &"player.locomotion.wall_run", &"player.locomotion.grappling", &"player.locomotion.wall_stick", &"player.locomotion.airborne", &"player.locomotion.grounded"]
          at line 337
[31m    [Failed]:  [0mwall challenge @ 120 Hz: ran=true stuck=true jump=true finish=false position=(64.36763, -2.999063, 8.971435) jump_at=(54.68268, -0.037434, -0.028433) jump_v=(-1.389185, 5.5, 7.878463) landing_cross=(56.03122, -2.999063, 10.24961) max_z=10.2502584457397 trace=[&"player.locomotion.airborne", &"player.locomotion.grounded", &"player.locomotion.airborne", &"player.locomotion.grounded", &"player.locomotion.airborne", &"player.locomotion.wall_run", &"player.locomotion.grappling", &"player.locomotion.wall_stick", &"player.locomotion.airborne", &"player.locomotion.grounded"]
          at line 337
- test_one_unbroken_command_route_completes_every_traversal_stage_at_both_rates
[31m    [Failed]:  [0mthe same player must finish without a reload @ 60 Hz: { "finished": false, "stage": "near_land", "trace": [&"player.locomotion.airborne", &"player.locomotion.grounded", &"player.locomotion.airborne", &"player.locomotion.grounded", &"player.locomotion.airborne", &"player.locomotion.grappling", &"player.locomotion.airborne", &"player.locomotion.wall_run", &"player.locomotion.airborne", &"player.locomotion.grounded"], "elapsed_seconds": 12.0000000000002, "maximum_commits": 1, "jump_impulses": 2, "wall_jump_impulses": 0, "grapple_release_speed_mps": 22.0, "maximum_attachment_distance_m": 21.3705978393555, "near_release": (12.24472, 3.272829, -1.211236), "near_ground": (34.70706, -2.925191, 6.949136), "moving_release": (0.0, 0.0, 0.0), "moving_ground": (0.0, 0.0, 0.0), "wall_aim": (0.0, 0.0, 0.0), "wall_target": false, "moving_samples": [], "stick_at": (0.0, 0.0, 0.0), "stick_contact": false, "jump_step": {  }, "wall_terminal": -1, "position": (69.34814, -2.999109, 7.80335) }
          at line 346
[31m    [Failed]:  [0mmissing player.locomotion.wall_stick @ 60 Hz: { "finished": false, "stage": "near_land", "trace": [&"player.locomotion.airborne", &"player.locomotion.grounded", &"player.locomotion.airborne", &"player.locomotion.grounded", &"player.locomotion.airborne", &"player.locomotion.grappling", &"player.locomotion.airborne", &"player.locomotion.wall_run", &"player.locomotion.airborne", &"player.locomotion.grounded"], "elapsed_seconds": 12.0000000000002, "maximum_commits": 1, "jump_impulses": 2, "wall_jump_impulses": 0, "grapple_release_speed_mps": 22.0, "maximum_attachment_distance_m": 21.3705978393555, "near_release": (12.24472, 3.272829, -1.211236), "near_ground": (34.70706, -2.925191, 6.949136), "moving_release": (0.0, 0.0, 0.0), "moving_ground": (0.0, 0.0, 0.0), "wall_aim": (0.0, 0.0, 0.0), "wall_target": false, "moving_samples": [], "stick_at": (0.0, 0.0, 0.0), "stick_contact": false, "jump_step": {  }, "wall_terminal": -1, "position": (69.34814, -2.999109, 7.80335) }
          at line 348
[31m    [Failed]:  [0m[2] expected to equal [4]:  
          at line 350
[31m    [Failed]:  [0m[0] expected to equal [1]:  
          at line 351
[4m
res://tests/player/grapple/test_grapple_targeting_contract.gd
[0m- test_definition_validation_locks_authored_values_and_bounds_acquisition_tolerance
[31m    [Failed]:  [0m[60.00000000000000000000] expected to equal [48.0] +/- [0.000001]:  
          at line 331
[4m
res://tests/player/grapple/test_grapple_targeting_integration.gd
[0m- test_same_step_activation_seeds_state_and_keeps_pull_playable
[31m    [Failed]:  [0m[60.00000000000000000000] expected to equal [48.0] +/- [0.0001]:  
          at line 227
- test_moving_scene_origin_does_not_change_camera_target_or_acquisition_range
[31m    [Failed]:  [0m[VECTOR3(0.0, 0.9, 0.0)] expected to equal [VECTOR3(0.48, 1.2, -0.32)]:  
          at line 250
- test_grapple_pull_decay_reaches_the_floor_and_commits_the_speed_cap
[31m    [Failed]:  [0mdecay floor reached inside the sampled window
          at line 591
[31m    [Failed]:  [0m[11.11111141666660300000] expected to equal [8.0] +/- [0.0001]:  
          at line 592
[4m
res://tests/player/locomotion/test_wall_stick_review_hardening.gd
[0m- test_engine_review_repros_at_both_rates
[31m    [Failed]:  [0madded_shape_same_owner @ 60 Hz: { "held_frames": 7, "entry_count": 1, "terminal_count": 1, "blocked_count": 0, "maximum_error_m": 0.00000002462184, "minimum_side_distance_m": 0.45093344449997, "overlap_count": 1, "maximum_commits": 1, "maximum_recovery_m": 0.0, "legacy_switch_count": 1, "jump_velocity": (0.0, 0.0, 0.0), "sticking": false, "grappling": false, "terminal_wall_clear": true, "position": (0.0, 4.099188, 0.000999), "physics_wall_position": (0.0, 4.0, -0.65), "obsolete_pose_overlap_count": 0, "overlap_facts": [{ "step": 8, "position": (0.0, 4.89316, 0.000933), "blocked": false, "collider": &"SupportingWall", "rest": { "point": (0.0, 4.1, 0.000933), "normal": (0.0, 1.0, 0.0), "rid": RID(208271554117640), "collider_id": 2403805957440, "shape": 1, "linear_velocity": (0.0, 0.0, 0.0) } }], "hold_step_ids": [2, 3, 4, 5, 6, 7, 8], "settled_overlap_step_ids": [2, 3, 4, 5, 6, 7, 8], "missed_overlap_step_count": 0, "overlap_step_id_overflow": 0, "blocked_overlap_step_ids": [], "wall_position": (0.0, 4.0, -0.65), "entered_before_change": true, "scenario": "added_shape_same_owner", "rate": 60, "additional_holds": 0, "externally_resized_geometry": false, "passed": false }
          at line 15
[31m    [Failed]:  [0madded_shape_same_owner @ 120 Hz: { "held_frames": 7, "entry_count": 1, "terminal_count": 1, "blocked_count": 0, "maximum_error_m": 0.00000001298031, "minimum_side_distance_m": 0.45088725090027, "overlap_count": 1, "maximum_commits": 1, "maximum_recovery_m": 0.0, "legacy_switch_count": 1, "jump_velocity": (0.0, 0.0, 0.0), "sticking": false, "grappling": false, "terminal_wall_clear": true, "position": (0.0, 4.099275, 0.000998), "physics_wall_position": (0.0, 4.0, -0.65), "obsolete_pose_overlap_count": 0, "overlap_facts": [{ "step": 8, "position": (0.0, 4.89829, 0.000887), "blocked": false, "collider": &"SupportingWall", "rest": { "point": (-0.0, 4.1, 0.000887), "normal": (0.0, 1.0, 0.0), "rid": RID(215023242706952), "collider_id": 2476115758389, "shape": 1, "linear_velocity": (0.0, 0.0, 0.0) } }], "hold_step_ids": [2, 3, 4, 5, 6, 7, 8], "settled_overlap_step_ids": [2, 3, 4, 5, 6, 7, 8], "missed_overlap_step_count": 0, "overlap_step_id_overflow": 0, "blocked_overlap_step_ids": [], "wall_position": (0.0, 4.0, -0.65), "entered_before_change": true, "scenario": "added_shape_same_owner", "rate": 120, "additional_holds": 0, "externally_resized_geometry": false, "passed": false }
          at line 15
[4m
res://tests/player/locomotion/test_wall_traversal_integration.gd
[0m- test_wall_run_direction_never_reverses_across_a_shallow_corner
[31m    [Failed]:  [0m[2] expected to equal [3]:  
          at line 118
- test_landing_from_a_wall_run_routes_exactly_one_landed_transition
[31m    [Failed]:  [0m
          at line 202
[31m    [Failed]:  [0m[0] expected to equal [1]:  landing dispatched more than once
          at line 203
[31m    [Failed]:  [0m[STRING_NAME(player.locomotion.airborne)] expected to equal [STRING_NAME(player.locomotion.grounded)]:  
          at line 204
[31m    [Failed]:  [0m[0.0] expected to be > than [1.0]:  no momentum remained before landing
          at line 205
[31m    [Failed]:  [0m[0.0] expected to be > than [1.0]:  landing erased along-wall momentum
          at line 206
[4m
res://tests/player/motor/test_player_motor_integration.gd
[0m- test_authored_tuning_contexts_remain_distinct_and_tutorial_reset_stays_out_of_band
[31m    [Failed]:  [0m[50.00000000000000000000] expected to equal [20.0] +/- [0.000001]:  
          at line 376
[31m    [Failed]:  [0m[0.00000000000000000000] expected to equal [1.0] +/- [0.000001]:  
          at line 377
[31m    [Failed]:  [0m
          at line 383

Totals
------
Warnings              4

Scripts              19
Tests               260
Passing Tests       249
Failing Tests        11
Asserts           12055/12079
Time              77.403s


[31m---- 11 failing tests ----
[0m
WARNING: 8 ObjectDB instances were leaked at exit (run with `--verbose` for details).
   at: cleanup (core/object/object.cpp:2536)
ERROR: 1 resources still in use at exit (run with --verbose for details).
   at: clear (core/io/resource.cpp:822)
